spp,growth,site,indiv,flow,heigth_cm,diam_mm,collector,collection_date,notes,sampled,date_last_fire,age_yr
acasua,seed,2001f,1,y,93,4.2,Dan&AnnaMaria,2003-03-14,,,2001-10-15,1.41
acasua,seed,2001f,2,y,79,2.9,Dan&AnnaMaria,2003-03-14,,,2001-10-15,1.41
acasua,seed,2001f,3,y,81,3.5,Dan&AnnaMaria,2003-03-14,,,2001-10-15,1.41
acater,seed,2001f,1,n,59,3.3,Dan&AnnaMaria,2003-03-14,,,2001-10-15,1.41
acater,seed,2001f,2,n,49,3.1,Dan&AnnaMaria,2003-03-14,,,2001-10-15,1.41
acater,seed,2001f,3,n,77,4.8,Dan&AnnaMaria,2003-03-14,,,2001-10-15,1.41
acauli,seed,2001f,1,y,91,4,Dan&AnnaMaria,2003-03-14,,,2001-10-15,1.41
acauli,seed,2001f,2,y,77,3.2,Dan&AnnaMaria,2003-03-14,,,2001-10-15,1.41
acauli,seed,2001f,3,y,92,4.5,Dan&AnnaMaria,2003-03-14,,,2001-10-15,1.41
acauli,seed,2001f,4,y,74,2.4,Dan&AnnaMaria,2003-03-14,,,2001-10-15,1.41
acauli,seed,2001f,5,n,66,3.5,Dan&AnnaMaria,2003-03-14,,,2001-10-15,1.41
acthel,seed,2001f,1,n,52,3.8,Dan&AnnaMaria,2003-03-14,,,2001-10-15,1.41
acthel,seed,2001f,2,n,58,6.2,Dan&AnnaMaria,2003-03-14,,,2001-10-15,1.41
acthel,seed,2001f,3,n,45,3.4,Dan&AnnaMaria,2003-03-14,,,2001-10-15,1.41
acthel,seed,2001f,4,n,44,3.2,Dan&AnnaMaria,2003-03-14,,,2001-10-15,1.41
acthel,seed,2001f,5,n,52,4.2,Dan&AnnaMaria,2003-03-14,,,2001-10-15,1.41
aoteri,resp,2001f,1,n,115,3.1,Dan&AnnaMaria,2003-03-14,,,2001-10-15,1.41
corref,resp,2001f,1,y,87,3.8,Dan&AnnaMaria,2003-03-14,,,2001-10-15,1.41
corref,resp,2001f,2,y,72,4.9,Dan&AnnaMaria,2003-03-14,,,2001-10-15,1.41
corref,resp,2001f,3,y,52,3.4,Dan&AnnaMaria,2003-03-14,,,2001-10-15,1.41
dilret,seed,2001f,1,n,50,1.7,Dan&AnnaMaria,2003-03-14,,,2001-10-15,1.41
dilret,seed,2001f,2,n,50,1.7,Dan&AnnaMaria,2003-03-14,,,2001-10-15,1.41
dilret,seed,2001f,3,n,57,1.6,Dan&AnnaMaria,2003-03-14,,,2001-10-15,1.41
dilret,seed,2001f,4,n,72,7.4,Dan&AnnaMaria,2003-03-14,,,2001-10-15,1.41
dilret,seed,2001f,5,n,48,1.5,Dan&AnnaMaria,2003-03-14,,,2001-10-15,1.41
gomlat,seed,2001f,1,n,98,4.6,Dan&AnnaMaria,2003-03-14,,,2001-10-15,1.41
gomlat,seed,2001f,2,n,56,2.5,Dan&AnnaMaria,2003-03-14,,,2001-10-15,1.41
gomlat,seed,2001f,3,n,68,3.1,Dan&AnnaMaria,2003-03-14,,,2001-10-15,1.41
gomlat,seed,2001f,4,n,52,2.8,Dan&AnnaMaria,2003-03-14,,,2001-10-15,1.41
gomlat,seed,2001f,5,n,56,3.2,Dan&AnnaMaria,2003-03-14,,,2001-10-15,1.41
gomlat,seed,2001f,1,n,53,2,Dan&AnnaMaria,2003-03-14,,,2001-10-15,1.41
gomlat,seed,2001f,2,n,61,2.2,Dan&AnnaMaria,2003-03-14,,,2001-10-15,1.41
gomlat,seed,2001f,3,n,66,2.5,Dan&AnnaMaria,2003-03-14,,,2001-10-15,1.41
gomlat,seed,2001f,4,n,50,2.3,Dan&AnnaMaria,2003-03-14,,,2001-10-15,1.41
gomlat,seed,2001f,5,n,55,2.1,Dan&AnnaMaria,2003-03-14,,,2001-10-15,1.41
leulan,resp,2001f,1,y,122,6.5,Dan&AnnaMaria,2003-03-14,,,2001-10-15,1.41
leulan,resp,2001f,2,y,130,5.7,Dan&AnnaMaria,2003-03-14,,,2001-10-15,1.41
pimlin,seed,2001f,1,n,96,2.7,Dan&AnnaMaria,2003-03-14,,,2001-10-15,1.41
pimlin,seed,2001f,2,n,83,2.7,Dan&AnnaMaria,2003-03-14,,,2001-10-15,1.41
pimlin,seed,2001f,3,n,98,3.7,Dan&AnnaMaria,2003-03-14,,,2001-10-15,1.41
pimlin,seed,2001f,4,n,78,2.6,Dan&AnnaMaria,2003-03-14,,,2001-10-15,1.41
ricpin,seed,2001f,1,n,86,5,Dan&AnnaMaria,2003-03-14,,,2001-10-15,1.41
ricpin,seed,2001f,2,n,25,1.8,Dan&AnnaMaria,2003-03-14,,,2001-10-15,1.41
ricpin,resp,2001f,1,y,112,4.7,Dan&AnnaMaria,2003-03-14,,,2001-10-15,1.41
tetthy,resp,2001f,1,y,42,1.4,Dan&AnnaMaria,2003-03-14,,,2001-10-15,1.41
tetthy,resp,2001f,2,y,29,1.4,Dan&AnnaMaria,2003-03-14,,,2001-10-15,1.41
tetthy,resp,2001f,1,n,58,2.2,Dan&AnnaMaria,2003-03-14,,,2001-10-15,1.41
tetthy,resp,2001f,2,y,63,1.9,Dan&AnnaMaria,2003-03-14,,,2001-10-15,1.41
tetthy,resp,2001f,3,y,45,1.2,Dan&AnnaMaria,2003-03-14,,,2001-10-15,1.41
tetthy,resp,2001f,4,y,49,1.8,Dan&AnnaMaria,2003-03-14,,,2001-10-15,1.41
tetthy,resp,2001f,5,n,27,1.3,Dan&AnnaMaria,2003-03-14,,,2001-10-15,1.41
acasop,seed,2001E,1,n,40,2.2,Mike&Denise&Dan,2002-10-09,,,2001-10-15,0.98
acasop,seed,2001E,2,n,25,2.2,Mike&Denise&Dan,2002-10-09,,,2001-10-15,0.98
acasop,seed,2001E,3,n,45,2.2,Mike&Denise&Dan,2002-10-09,,,2001-10-15,0.98
acasop,seed,2001E,4,n,20,1.5,Mike&Denise&Dan,2002-10-09,,,2001-10-15,0.98
acasop,seed,2001E,5,n,25,1.5,Mike&Denise&Dan,2002-10-09,,,2001-10-15,0.98
acater,seed,2001E,1,n,55,2.7,Mike&Denise&Dan,2002-10-09,,,2001-10-15,0.98
acater,seed,2001E,2,n,32,2.3,Mike&Denise&Dan,2002-10-09,,,2001-10-15,0.98
acater,seed,2001E,3,n,36,2.2,Mike&Denise&Dan,2002-10-09,,,2001-10-15,0.98
acater,seed,2001E,4,n,34,1.8,Mike&Denise&Dan,2002-10-09,,,2001-10-15,0.98
acater,seed,2001E,5,n,74,4.2,Mike&Denise&Dan,2002-10-09,,,2001-10-15,0.98
acauli,seed,2001E,1,n,51,1.6,Mike&Denise&Dan,2002-10-09,,,2001-10-15,0.98
acauli,seed,2001E,2,n,30,1.6,Mike&Denise&Dan,2002-10-09,,,2001-10-15,0.98
acauli,seed,2001E,3,n,37,0.9,Mike&Denise&Dan,2002-10-09,,,2001-10-15,0.98
acauli,seed,2001E,4,n,32,1.9,Mike&Denise&Dan,2002-10-09,,,2001-10-15,0.98
acauli,seed,2001E,5,n,30,2,Mike&Denise&Dan,2002-10-09,,,2001-10-15,0.98
aoteri,resp,2001E,1,n,63,3,Mike&Denise&Dan,2002-10-09,,,2001-10-15,0.98
aoteri,resp,2001E,2,n,80,4.8,Mike&Denise&Dan,2002-10-09,,,2001-10-15,0.98
aoteri,resp,2001E,3,n,88,3.7,Mike&Denise&Dan,2002-10-09,,,2001-10-15,0.98
aoteri,resp,2001E,4,n,110,4.4,Mike&Denise&Dan,2002-10-09,,,2001-10-15,0.98
aoteri,resp,2001E,5,n,65,3.5,Mike&Denise&Dan,2002-10-09,,,2001-10-15,0.98
corref,resp,2001E,1,n,42,1.1,Mike&Denise&Dan,2002-10-09,,,2001-10-15,0.98
corref,resp,2001E,2,n,57,4.1,Mike&Denise&Dan,2002-10-09,,,2001-10-15,0.98
corref,resp,2001E,3,n,52,4.1,Mike&Denise&Dan,2002-10-09,,,2001-10-15,0.98
corref,resp,2001E,4,n,55,2.3,Mike&Denise&Dan,2002-10-09,,,2001-10-15,0.98
corref,resp,2001E,5,n,53,3.3,Mike&Denise&Dan,2002-10-09,,,2001-10-15,0.98
dilret,seed,2001E,1,n,49,1.6,Mike&Denise&Dan,2002-10-09,,,2001-10-15,0.98
dilret,seed,2001E,2,n,39,1.1,Mike&Denise&Dan,2002-10-09,,,2001-10-15,0.98
dilret,seed,2001E,3,n,48,1.6,Mike&Denise&Dan,2002-10-09,,,2001-10-15,0.98
dilret,seed,2001E,4,n,39,1.1,Mike&Denise&Dan,2002-10-09,,,2001-10-15,0.98
dilret,seed,2001E,5,n,42,1.1,Mike&Denise&Dan,2002-10-09,,,2001-10-15,0.98
leulan,resp,2001E,1,n,104,4.4,Mike&Denise&Dan,2002-10-09,,,2001-10-15,0.98
leulan,resp,2001E,2,n,92,4.8,Mike&Denise&Dan,2002-10-09,,,2001-10-15,0.98
leulan,resp,2001E,3,n,70,3.9,Mike&Denise&Dan,2002-10-09,,,2001-10-15,0.98
leulan,resp,2001E,4,n,102,4.8,Mike&Denise&Dan,2002-10-09,,,2001-10-15,0.98
leulan,resp,2001E,5,n,130,6.1,Mike&Denise&Dan,2002-10-09,,,2001-10-15,0.98
monsco?,resp,2001E,1,n,32,2.5,Mike&Denise&Dan,2002-10-09,,,2001-10-15,0.98
monsco?,resp,2001E,2,n,60,1.8,Mike&Denise&Dan,2002-10-09,,,2001-10-15,0.98
monsco?,resp,2001E,3,n,35,1.8,Mike&Denise&Dan,2002-10-09,,,2001-10-15,0.98
monsco?,resp,2001E,4,n,45,2.2,Mike&Denise&Dan,2002-10-09,,,2001-10-15,0.98
monsco?,resp,2001E,5,n,49,1.2,Mike&Denise&Dan,2002-10-09,,,2001-10-15,0.98
monsco?,resp,2001E,6,n,49,2.5,Mike&Denise&Dan,2002-10-09,,,2001-10-15,0.98
ricpin,seed,2001E,1,n,14,1.1,Mike&Denise&Dan,2002-10-09,,,2001-10-15,0.98
ricpin,seed,2001E,2,n,9.5,1.1,Mike&Denise&Dan,2002-10-09,,,2001-10-15,0.98
ricpin,seed,2001E,3,n,8.5,0.8,Mike&Denise&Dan,2002-10-09,,,2001-10-15,0.98
ricpin,seed,2001E,4,n,11.5,0.7,Mike&Denise&Dan,2002-10-09,,,2001-10-15,0.98
ricpin,seed,2001E,5,n,9.5,0.5,Mike&Denise&Dan,2002-10-09,,,2001-10-15,0.98
ricpin,resp,2001E,1,y,69,2.2,Mike&Denise&Dan,2002-10-09,,,2001-10-15,0.98
ricpin,resp,2001E,2,y,55,3.4,Mike&Denise&Dan,2002-10-09,,,2001-10-15,0.98
ricpin,resp,2001E,3,y,86,3.3,Mike&Denise&Dan,2002-10-09,,,2001-10-15,0.98
ricpin,resp,2001E,4,y,80,3.8,Mike&Denise&Dan,2002-10-09,,,2001-10-15,0.98
ricpin,resp,2001E,5,y,30,4.2,Mike&Denise&Dan,2002-10-09,,,2001-10-15,0.98
sppC,resp,2001E,1,n,50,3.1,Mike&Denise&Dan,2002-10-09,,,2001-10-15,0.98
sppC,resp,2001E,2,n,48,3.3,Mike&Denise&Dan,2002-10-09,,,2001-10-15,0.98
sppC,resp,2001E,3,n,58,2.7,Mike&Denise&Dan,2002-10-09,,,2001-10-15,0.98
sppC,resp,2001E,4,n,65,4.6,Mike&Denise&Dan,2002-10-09,,,2001-10-15,0.98
sppC,resp,2001E,5,n,52,2.8,Mike&Denise&Dan,2002-10-09,,,2001-10-15,0.98
acasop,seed,2001D,1,n,15,1.1,Mike&Denise&Dan,2002-10-09,,,2001-10-15,0.98
acasop,seed,2001D,2,n,23,1.7,Mike&Denise&Dan,2002-10-09,,,2001-10-15,0.98
acasop,seed,2001D,3,n,16,1.9,Mike&Denise&Dan,2002-10-09,,,2001-10-15,0.98
acasop,seed,2001D,4,n,60,2.6,Mike&Denise&Dan,2002-10-09,,,2001-10-15,0.98
acasop,seed,2001D,5,n,77,2.6,Mike&Denise&Dan,2002-10-09,,,2001-10-15,0.98
acasop,seed,2001d,1,n,34,2.1,Dan&AnnaMaria,2003-03-14,,,2001-10-15,1.41
acasop,seed,2001d,2,n,57,2.9,Dan&AnnaMaria,2003-03-14,,,2001-10-15,1.41
acasop,seed,2001d,3,n,59,2.8,Dan&AnnaMaria,2003-03-14,,,2001-10-15,1.41
acasop,seed,2001d,4,n,50,2.7,Dan&AnnaMaria,2003-03-14,,,2001-10-15,1.41
acasop,seed,2001d,5,n,33,2.1,Dan&AnnaMaria,2003-03-14,,,2001-10-15,1.41
acasua,seed,2001d,1,n,42,2.2,Dan&AnnaMaria,2003-03-14,,,2001-10-15,1.41
acasua,seed,2001d,2,y,83,2.4,Dan&AnnaMaria,2003-03-14,,,2001-10-15,1.41
acasua,seed,2001d,3,y,61,2.3,Dan&AnnaMaria,2003-03-14,,,2001-10-15,1.41
acasua,seed,2001d,4,y,63,3.1,Dan&AnnaMaria,2003-03-14,,,2001-10-15,1.41
acasua,seed,2001d,5,y,72,3.1,Dan&AnnaMaria,2003-03-14,,,2001-10-15,1.41
acasua,seed,2001d,6,y,83,3.3,Dan&AnnaMaria,2003-03-14,,,2001-10-15,1.41
acater,seed,2001d,1,n,126,4.4,Dan&AnnaMaria,2003-03-14,,,2001-10-15,1.41
acater,seed,2001d,2,n,94,4.2,Dan&AnnaMaria,2003-03-14,,,2001-10-15,1.41
acater,seed,2001d,3,n,63,3.8,Dan&AnnaMaria,2003-03-14,,,2001-10-15,1.41
acater,seed,2001d,4,n,54,2.7,Dan&AnnaMaria,2003-03-14,,,2001-10-15,1.41
acater,seed,2001d,5,n,45,2.8,Dan&AnnaMaria,2003-03-14,,,2001-10-15,1.41
acater,seed,2001d,6,n,57,3.3,Dan&AnnaMaria,2003-03-14,,,2001-10-15,1.41
acauli,seed,2001d,1,n,80,3.1,Dan&AnnaMaria,2003-03-14,,,2001-10-15,1.41
acauli,seed,2001d,2,y,72,2.5,Dan&AnnaMaria,2003-03-14,,,2001-10-15,1.41
acauli,seed,2001d,3,y,69,3.4,Dan&AnnaMaria,2003-03-14,,,2001-10-15,1.41
acauli,seed,2001d,4,n,174,2.8,Dan&AnnaMaria,2003-03-14,,,2001-10-15,1.41
acauli,seed,2001d,5,y,75,3.2,Dan&AnnaMaria,2003-03-14,,,2001-10-15,1.41
acthel,seed,2001D,1,n,21,1.9,Mike&Denise&Dan,2002-10-09,,,2001-10-15,0.98
acthel,seed,2001D,2,n,9,0.8,Mike&Denise&Dan,2002-10-09,,,2001-10-15,0.98
acthel,seed,2001D,3,n,10,0.9,Mike&Denise&Dan,2002-10-09,,,2001-10-15,0.98
acthel,seed,2001D,4,n,14,1,Mike&Denise&Dan,2002-10-09,,,2001-10-15,0.98
acthel,seed,2001D,5,n,24,1,Mike&Denise&Dan,2002-10-09,,,2001-10-15,0.98
acthel,seed,2001d,1,n,22,1,Dan&AnnaMaria,2003-03-14,,,2001-10-15,1.41
acthel,seed,2001d,2,n,16,1.3,Dan&AnnaMaria,2003-03-14,,,2001-10-15,1.41
aoteri,seed,2001D,1,n,33,1.1,Mike&Denise&Dan,2002-10-09,,,2001-10-15,0.98
aoteri,seed,2001D,2,n,36,1.1,Mike&Denise&Dan,2002-10-09,,,2001-10-15,0.98
aoteri,seed,2001D,3,n,27.5,1,Mike&Denise&Dan,2002-10-09,,,2001-10-15,0.98
aoteri,seed,2001D,4,n,23,0.8,Mike&Denise&Dan,2002-10-09,,,2001-10-15,0.98
aoteri,resp,2001d,1,n,101,3.8,Dan&AnnaMaria,2003-03-14,,,2001-10-15,1.41
aoteri,resp,2001d,2,n,76,3,Dan&AnnaMaria,2003-03-14,,,2001-10-15,1.41
aoteri,resp,2001d,3,n,82,3.5,Dan&AnnaMaria,2003-03-14,,,2001-10-15,1.41
aoteri,resp,2001d,4,n,102,4.4,Dan&AnnaMaria,2003-03-14,,,2001-10-15,1.41
aoteri,seed,2001d,1,n,26,1,Dan&AnnaMaria,2003-03-14,,,2001-10-15,1.41
aoteri,seed,2001d,2,n,34,1.4,Dan&AnnaMaria,2003-03-14,,,2001-10-15,1.41
banser,resp,2001D,1,n,83,6.1,Mike&Denise&Dan,2002-10-09,,,2001-10-15,0.98
banser,resp,2001D,2,n,97,9.5,Mike&Denise&Dan,2002-10-09,,,2001-10-15,0.98
banser,resp,2001D,3,n,92,7,Mike&Denise&Dan,2002-10-09,,,2001-10-15,0.98
banser,resp,2001D,4,n,42,2.78,Mike&Denise&Dan,2002-10-09,,,2001-10-15,0.98
banser,resp,2001D,5,n,88,6.2,Mike&Denise&Dan,2002-10-09,,,2001-10-15,0.98
banser,seed,2001D,1,n,6,1.1,Mike&Denise&Dan,2002-10-09,,,2001-10-15,0.98
banser,seed,2001D,2,n,6,2.3,Mike&Denise&Dan,2002-10-09,,,2001-10-15,0.98
banser,seed,2001D,3,n,5,2,Mike&Denise&Dan,2002-10-09,,,2001-10-15,0.98
banser,seed,2001D,4,n,7,2,Mike&Denise&Dan,2002-10-09,,,2001-10-15,0.98
banser,seed,2001D,5,n,6,1.4,Mike&Denise&Dan,2002-10-09,,,2001-10-15,0.98
contax,resp,2001D,1,n,38,2.4,Mike&Denise&Dan,2002-10-09,,,2001-10-15,0.98
corref,resp,2001D,1,n,43,1.6,Mike&Denise&Dan,2002-10-09,,,2001-10-15,0.98
corref,resp,2001D,2,n,40,1.3,Mike&Denise&Dan,2002-10-09,,,2001-10-15,0.98
corref,resp,2001D,3,n,37,1.7,Mike&Denise&Dan,2002-10-09,,,2001-10-15,0.98
corref,resp,2001D,4,n,17,1.1,Mike&Denise&Dan,2002-10-09,,,2001-10-15,0.98
corref,resp,2001D,5,n,50,2.4,Mike&Denise&Dan,2002-10-09,,,2001-10-15,0.98
corref,seed,2001D,1,n,9,1.2,Mike&Denise&Dan,2002-10-09,,,2001-10-15,0.98
corref,seed,2001D,2,n,9,1,Mike&Denise&Dan,2002-10-09,,,2001-10-15,0.98
corref,seed,2001D,3,n,10,0.9,Mike&Denise&Dan,2002-10-09,,,2001-10-15,0.98
corref,seed,2001D,4,n,12,1,Mike&Denise&Dan,2002-10-09,,,2001-10-15,0.98
corref,seed,2001D,5,n,7,0.5,Mike&Denise&Dan,2002-10-09,,,2001-10-15,0.98
corref,resp,2001d,1,y,42,2.5,Dan&AnnaMaria,2003-03-14,,,2001-10-15,1.41
corref,resp,2001d,2,y,54,4.4,Dan&AnnaMaria,2003-03-14,,,2001-10-15,1.41
corref,resp,2001d,3,y,41,2.2,Dan&AnnaMaria,2003-03-14,,,2001-10-15,1.41
corref,resp,2001d,4,y,41,2.4,Dan&AnnaMaria,2003-03-14,,,2001-10-15,1.41
corref,seed,2001d,1,n,26,1.5,Dan&AnnaMaria,2003-03-14,,,2001-10-15,1.41
corref,seed,2001d,2,n,9,1.3,Dan&AnnaMaria,2003-03-14,,,2001-10-15,1.41
dilret,seed,2001d,1,n,38,1.6,Dan&AnnaMaria,2003-03-14,,,2001-10-15,1.41
dilret,seed,2001d,2,n,45,1.6,Dan&AnnaMaria,2003-03-14,,,2001-10-15,1.41
dilret,seed,2001d,3,n,39,1.7,Dan&AnnaMaria,2003-03-14,,,2001-10-15,1.41
dilret,seed,2001d,4,n,58,2.5,Dan&AnnaMaria,2003-03-14,,,2001-10-15,1.41
dilret,seed,2001d,5,n,65,2.3,Dan&AnnaMaria,2003-03-14,,,2001-10-15,1.41
dilret,seed,2001d,6,n,79,2.5,Dan&AnnaMaria,2003-03-14,,,2001-10-15,1.41
gonteu,seed,2001d,1,n,43,2.4,Dan&AnnaMaria,2003-03-14,,,2001-10-15,1.41
gonteu,seed,2001d,2,n,60,2,Dan&AnnaMaria,2003-03-14,,,2001-10-15,1.41
gonteu,seed,2001d,3,n,43,2.3,Dan&AnnaMaria,2003-03-14,,,2001-10-15,1.41
gonteu,seed,2001d,4,n,42,1.8,Dan&AnnaMaria,2003-03-14,,,2001-10-15,1.41
gonteu,seed,2001d,5,n,38,1.3,Dan&AnnaMaria,2003-03-14,,,2001-10-15,1.41
hibobt,resp,2001D,1,n,80,2.7,Mike&Denise&Dan,2002-10-09,,,2001-10-15,0.98
hibobt,resp,2001D,2,n,22,1.5,Mike&Denise&Dan,2002-10-09,,,2001-10-15,0.98
hibobt,resp,2001D,3,n,30,2.8,Mike&Denise&Dan,2002-10-09,,,2001-10-15,0.98
hibobt,resp,2001D,4,n,29,1.6,Mike&Denise&Dan,2002-10-09,,,2001-10-15,0.98
hibobt,resp,2001D,5,n,42,2,Mike&Denise&Dan,2002-10-09,,,2001-10-15,0.98
hibobt,seed,2001D,1,n,14.5,0.8,Mike&Denise&Dan,2002-10-09,,,2001-10-15,0.98
hibobt,seed,2001D,2,n,10.5,0.7,Mike&Denise&Dan,2002-10-09,,,2001-10-15,0.98
hibobt,seed,2001D,3,n,9.5,0.7,Mike&Denise&Dan,2002-10-09,,,2001-10-15,0.98
hibobt,seed,2001D,4,n,7,0.7,Mike&Denise&Dan,2002-10-09,,,2001-10-15,0.98
hibobt,seed,2001D,5,n,17.5,1,Mike&Denise&Dan,2002-10-09,,,2001-10-15,0.98
leulan,resp,2001D,1,n,26.5,1.1,Mike&Denise&Dan,2002-10-09,,,2001-10-15,0.98
leulan,resp,2001D,2,n,55,3.8,Mike&Denise&Dan,2002-10-09,,,2001-10-15,0.98
leulan,resp,2001D,3,n,60,2.9,Mike&Denise&Dan,2002-10-09,,,2001-10-15,0.98
leulan,resp,2001D,4,n,30,2.2,Mike&Denise&Dan,2002-10-09,,,2001-10-15,0.98
leulan,resp,2001D,5,n,32,1.8,Mike&Denise&Dan,2002-10-09,,,2001-10-15,0.98
leulan,seed,2001D,1,n,4.5,0.5,Mike&Denise&Dan,2002-10-09,,,2001-10-15,0.98
leulan,resp,2001d,1,y,87,4.1,Dan&AnnaMaria,2003-03-14,,,2001-10-15,1.41
leulan,resp,2001d,2,n,64,2.5,Dan&AnnaMaria,2003-03-14,,,2001-10-15,1.41
leulan,seed,2001d,1,n,6,1.7,Dan&AnnaMaria,2003-03-14,,,2001-10-15,1.41
omopop,seed,2001D,1,n,17,2.2,Mike&Denise&Dan,2002-10-09,,,2001-10-15,0.98
perlev,resp,2001d,1,n,59,1.5,Dan&AnnaMaria,2003-03-14,,,2001-10-15,1.41
perlev,resp,2001d,2,n,86,5.7,Dan&AnnaMaria,2003-03-14,,,2001-10-15,1.41
pimlin,seed,2001D,1,n,34,1.6,Mike&Denise&Dan,2002-10-09,,,2001-10-15,0.98
pimlin,seed,2001D,2,n,27,1.2,Mike&Denise&Dan,2002-10-09,,,2001-10-15,0.98
pimlin,seed,2001D,3,n,34,1.4,Mike&Denise&Dan,2002-10-09,,,2001-10-15,0.98
pimlin,seed,2001D,4,n,17,0.9,Mike&Denise&Dan,2002-10-09,,,2001-10-15,0.98
pimlin,seed,2001D,5,n,37,1.9,Mike&Denise&Dan,2002-10-09,,,2001-10-15,0.98
pimlin,seed,2001d,1,n,82,2.6,Dan&AnnaMaria,2003-03-14,,,2001-10-15,1.41
pimlin,seed,2001d,2,n,82,3.1,Dan&AnnaMaria,2003-03-14,,,2001-10-15,1.41
pimlin,seed,2001d,3,n,49,2.2,Dan&AnnaMaria,2003-03-14,,,2001-10-15,1.41
pimlin,seed,2001d,4,n,78,2.7,Dan&AnnaMaria,2003-03-14,,,2001-10-15,1.41
pimlin,seed,2001d,5,n,56,2,Dan&AnnaMaria,2003-03-14,,,2001-10-15,1.41
pomumb,seed,2001D,1,y,10.5,0.8,Mike&Denise&Dan,2002-10-09,,,2001-10-15,0.98
pomumb,seed,2001D,2,y,19,0.8,Mike&Denise&Dan,2002-10-09,,,2001-10-15,0.98
pomumb,seed,2001D,3,y,13,0.7,Mike&Denise&Dan,2002-10-09,,,2001-10-15,0.98
pomumb,seed,2001D,4,y,16.5,0.85,Mike&Denise&Dan,2002-10-09,,,2001-10-15,0.98
pomumb,seed,2001D,5,y,9,0.8,Mike&Denise&Dan,2002-10-09,,,2001-10-15,0.98
pomumb,seed,2001d,1,y,15,1.1,Dan&AnnaMaria,2003-03-14,,,2001-10-15,1.41
pomumb,seed,2001d,2,y,18,1.6,Dan&AnnaMaria,2003-03-14,,,2001-10-15,1.41
pomumb,seed,2001d,3,y,15,1.2,Dan&AnnaMaria,2003-03-14,,,2001-10-15,1.41
pomumb,seed,2001d,4,y,14,1,Dan&AnnaMaria,2003-03-14,,,2001-10-15,1.41
pomumb,seed,2001d,5,y,14,1,Dan&AnnaMaria,2003-03-14,,,2001-10-15,1.41
pomumb,seed,2001d,6,y,32,1.7,Dan&AnnaMaria,2003-03-14,,,2001-10-15,1.41
ricpin,seed,2001D,1,n,15.5,0.95,Mike&Denise&Dan,2002-10-09,,,2001-10-15,0.98
ricpin,seed,2001D,2,n,15,1.1,Mike&Denise&Dan,2002-10-09,,,2001-10-15,0.98
ricpin,seed,2001D,3,n,14.5,0.85,Mike&Denise&Dan,2002-10-09,,,2001-10-15,0.98
ricpin,seed,2001D,4,n,24.5,1.85,Mike&Denise&Dan,2002-10-09,,,2001-10-15,0.98
ricpin,seed,2001D,5,n,14,7.5,Mike&Denise&Dan,2002-10-09,,,2001-10-15,0.98
ricpin,resp,2001D,1,y,55,3.7,Mike&Denise&Dan,2002-10-09,,,2001-10-15,0.98
ricpin,resp,2001D,2,y,55,3.7,Mike&Denise&Dan,2002-10-09,,,2001-10-15,0.98
ricpin,resp,2001D,3,y,56,2.7,Mike&Denise&Dan,2002-10-09,,,2001-10-15,0.98
ricpin,resp,2001D,4,y,68,4.4,Mike&Denise&Dan,2002-10-09,,,2001-10-15,0.98
ricpin,resp,2001D,5,y,34,2.2,Mike&Denise&Dan,2002-10-09,,,2001-10-15,0.98
ricpin,resp,2001d,1,y,79,4.1,Dan&AnnaMaria,2003-03-14,,,2001-10-15,1.41
ricpin,resp,2001d,2,y,66,3.9,Dan&AnnaMaria,2003-03-14,,,2001-10-15,1.41
ricpin,resp,2001d,3,n,82,3.9,Dan&AnnaMaria,2003-03-14,,,2001-10-15,1.41
ricpin,resp,2001d,4,y,67,4.8,Dan&AnnaMaria,2003-03-14,,,2001-10-15,1.41
ricpin,seed,2001d,1,n,23,1.5,Dan&AnnaMaria,2003-03-14,,,2001-10-15,1.41
sppB,seed,2001D,1,n,31,1.2,Mike&Denise&Dan,2002-10-09,,,2001-10-15,0.98
sppB,seed,2001D,2,n,14,1,Mike&Denise&Dan,2002-10-09,,,2001-10-15,0.98
tetthy,resp,2001d,1,n,43,1.6,Dan&AnnaMaria,2003-03-14,,,2001-10-15,1.41
tetthy,resp,2001d,2,n,68,2.2,Dan&AnnaMaria,2003-03-14,,,2001-10-15,1.41
tetthy,resp,2001d,3,n,35,1.3,Dan&AnnaMaria,2003-03-14,,,2001-10-15,1.41
trainc,resp,2001D,1,n,8,,Mike&Denise&Dan,2002-10-09,,,2001-10-15,0.98
trainc,resp,2001D,2,n,12,,Mike&Denise&Dan,2002-10-09,,,2001-10-15,0.98
trainc,resp,2001D,3,n,11,,Mike&Denise&Dan,2002-10-09,,,2001-10-15,0.98
trainc,resp,2001D,4,n,35,,Mike&Denise&Dan,2002-10-09,,,2001-10-15,0.98
trainc,resp,2001D,5,n,17,,Mike&Denise&Dan,2002-10-09,,,2001-10-15,0.98
xylpyr,resp,2001D,1,n,81,5.5,Mike&Denise&Dan,2002-10-09,,,2001-10-15,0.98
xylpyr,resp,2001D,2,n,70,5.9,Mike&Denise&Dan,2002-10-09,,,2001-10-15,0.98
xylpyr,resp,2001D,3,n,77,6,Mike&Denise&Dan,2002-10-09,,,2001-10-15,0.98
xylpyr,resp,2001D,4,n,59,5.9,Mike&Denise&Dan,2002-10-09,,,2001-10-15,0.98
xylpyr,resp,2001D,5,n,72,8.1,Mike&Denise&Dan,2002-10-09,,,2001-10-15,0.98
xylpyr,resp,2001d,1,n,128,2.8,Dan&AnnaMaria,2003-03-14,,,2001-10-15,1.41
xylpyr,resp,2001d,2,n,76,7.5,Dan&AnnaMaria,2003-03-14,,,2001-10-15,1.41
acater,seed,2001b,1,n,33,2,Barb&Dan,2002-09-20,,,2001-10-15,0.93
acater,seed,2001b,2,n,29,2.2,Barb&Dan,2002-09-20,,,2001-10-15,0.93
acater,seed,2001b,3,n,42,2.3,Barb&Dan,2002-09-20,,,2001-10-15,0.93
acater,seed,2001b,4,n,38,1.9,Barb&Dan,2002-09-20,,,2001-10-15,0.93
acater,seed,2001b,5,n,26,1.6,Barb&Dan,2002-09-20,,,2001-10-15,0.93
acauli,seed,2001b,1,n,26,1.6,Barb&Dan,2002-09-20,,,2001-10-15,0.93
acauli,seed,2001b,2,n,29,1.5,Barb&Dan,2002-09-20,,,2001-10-15,0.93
acauli,seed,2001b,3,n,33,1.4,Barb&Dan,2002-09-20,,,2001-10-15,0.93
acauli,seed,2001b,4,n,44,1.9,Barb&Dan,2002-09-20,,,2001-10-15,0.93
acauli,seed,2001b,5,n,40,1.8,Barb&Dan,2002-09-20,,,2001-10-15,0.93
acauli,seed,2001b,1,y,91,4,Dan&AnnaMaria,2003-03-14,,,2001-10-15,1.41
acauli,seed,2001b,2,y,77,3.2,Dan&AnnaMaria,2003-03-14,,,2001-10-15,1.41
acauli,seed,2001b,3,y,92,4.5,Dan&AnnaMaria,2003-03-14,,,2001-10-15,1.41
acauli,seed,2001b,4,y,74,2.4,Dan&AnnaMaria,2003-03-14,,,2001-10-15,1.41
acauli,seed,2001b,5,n,66,3.5,Dan&AnnaMaria,2003-03-14,,,2001-10-15,1.41
acthel,seed,2001b,1,n,31,2.7,Barb&Dan,2002-09-20,,,2001-10-15,0.93
acthel,seed,2001b,2,n,24,2,Barb&Dan,2002-09-20,,,2001-10-15,0.93
acthel,seed,2001b,3,n,28,2.2,Barb&Dan,2002-09-20,,,2001-10-15,0.93
acthel,seed,2001b,4,n,27,2.3,Barb&Dan,2002-09-20,,,2001-10-15,0.93
acthel,seed,2001b,5,n,22,1.9,Barb&Dan,2002-09-20,,,2001-10-15,0.93
acthel,seed,2001b,1,n,52,3.8,Dan&AnnaMaria,2003-03-14,,,2001-10-15,1.41
acthel,seed,2001b,2,n,58,6.2,Dan&AnnaMaria,2003-03-14,,,2001-10-15,1.41
acthel,seed,2001b,3,n,45,3.4,Dan&AnnaMaria,2003-03-14,,,2001-10-15,1.41
acthel,seed,2001b,4,n,44,3.2,Dan&AnnaMaria,2003-03-14,,,2001-10-15,1.41
acthel,seed,2001b,5,n,52,4.2,Dan&AnnaMaria,2003-03-14,,,2001-10-15,1.41
corref,resp,2001b,1,y,72,4.9,Dan&AnnaMaria,2003-03-14,,,2001-10-15,1.41
corref,resp,2001b,2,y,87,3.8,Dan&AnnaMaria,2003-03-14,,,2001-10-15,1.41
corref,resp,2001b,3,y,52,3.4,Dan&AnnaMaria,2003-03-14,,,2001-10-15,1.41
dilret,seed,2001b,1,n,48,1.5,Dan&AnnaMaria,2003-03-14,,,2001-10-15,1.41
dilret,seed,2001b,2,n,72,7.4,Dan&AnnaMaria,2003-03-14,,,2001-10-15,1.41
dilret,seed,2001b,3,n,57,1.6,Dan&AnnaMaria,2003-03-14,,,2001-10-15,1.41
dilret,seed,2001b,4,n,50,1.7,Dan&AnnaMaria,2003-03-14,,,2001-10-15,1.41
dilret,seed,2001b,5,n,50,1.7,Dan&AnnaMaria,2003-03-14,,,2001-10-15,1.41
gomlat,seed,2001b,1,n,53,2,Dan&AnnaMaria,2003-03-14,,,2001-10-15,1.41
gomlat,seed,2001b,2,n,61,2.2,Dan&AnnaMaria,2003-03-14,,,2001-10-15,1.41
gomlat,seed,2001b,3,n,66,2.5,Dan&AnnaMaria,2003-03-14,,,2001-10-15,1.41
gomlat,seed,2001b,4,n,50,2.3,Dan&AnnaMaria,2003-03-14,,,2001-10-15,1.41
gomlat,seed,2001b,5,n,55,2.1,Dan&AnnaMaria,2003-03-14,,,2001-10-15,1.41
hibobt,seed,2001b,1,n,5,0.5,Barb&Dan,2002-09-20,,,2001-10-15,0.93
hibobt,seed,2001b,2,n,2.6,0.3,Barb&Dan,2002-09-20,,,2001-10-15,0.93
hibobt,seed,2001b,3,n,4.5,0.4,Barb&Dan,2002-09-20,,,2001-10-15,0.93
hibobt,seed,2001b,4,n,4.8,0.4,Barb&Dan,2002-09-20,,,2001-10-15,0.93
hibobt,seed,2001b,5,n,5.5,0.5,Barb&Dan,2002-09-20,,,2001-10-15,0.93
pimlin,seed,2001b,1,y,34,1.2,Barb&Dan,2002-09-20,,,2001-10-15,0.93
pimlin,seed,2001b,2,y,39,1.5,Barb&Dan,2002-09-20,,,2001-10-15,0.93
pimlin,seed,2001b,3,y,35,1,Barb&Dan,2002-09-20,,,2001-10-15,0.93
pimlin,seed,2001b,4,y,45,2.4,Barb&Dan,2002-09-20,,,2001-10-15,0.93
pimlin,seed,2001b,5,y,39,1.9,Barb&Dan,2002-09-20,,,2001-10-15,0.93
tetthy,seed,2001b,1,n,58,2.2,Dan&AnnaMaria,2003-03-14,,,2001-10-15,1.41
tetthy,seed,2001b,2,y,63,1.9,Dan&AnnaMaria,2003-03-14,,,2001-10-15,1.41
tetthy,seed,2001b,3,y,45,1.2,Dan&AnnaMaria,2003-03-14,,,2001-10-15,1.41
tetthy,seed,2001b,4,y,49,1.8,Dan&AnnaMaria,2003-03-14,,,2001-10-15,1.41
tetthy,seed,2001b,5,n,27,1.3,Dan&AnnaMaria,2003-03-14,,,2001-10-15,1.41
aoteri,resp,2001a,1,y,34,2.7,Barb&Dan,2002-09-20,,,2001-10-15,0.93
aoteri,resp,2001a,2,y,63,3.5,Barb&Dan,2002-09-20,,,2001-10-15,0.93
aoteri,resp,2001a,3,y,47,3.1,Barb&Dan,2002-09-20,,,2001-10-15,0.93
aoteri,resp,2001a,4,y,51,2.4,Barb&Dan,2002-09-20,,,2001-10-15,0.93
aoteri,resp,2001a,5,y,52,2,Barb&Dan,2002-09-20,,,2001-10-15,0.93
banser,seed,2001a,1,n,8,1.6,Barb&Dan,2002-09-20,,,2001-10-15,0.93
banser,seed,2001a,2,n,4,2.5,Barb&Dan,2002-09-20,,,2001-10-15,0.93
banser,seed,2001a,3,n,3.5,1.3,Barb&Dan,2002-09-20,,,2001-10-15,0.93
banser,seed,2001a,4,n,2,1.8,Barb&Dan,2002-09-20,,,2001-10-15,0.93
banser,seed,2001a,5,n,3.8,2.2,Barb&Dan,2002-09-20,,,2001-10-15,0.93
dilret,seed,2001a,1,n,28,1.1,Barb&Dan,2002-09-20,,,2001-10-15,0.93
dilret,seed,2001a,2,n,32,1.8,Barb&Dan,2002-09-20,,,2001-10-15,0.93
dilret,seed,2001a,3,n,38,1.5,Barb&Dan,2002-09-20,,,2001-10-15,0.93
dilret,seed,2001a,4,n,24,0.8,Barb&Dan,2002-09-20,,,2001-10-15,0.93
dilret,seed,2001a,5,n,19,0.9,Barb&Dan,2002-09-20,,,2001-10-15,0.93
dilret,seed,2001a,6,n,14,0.8,Barb&Dan,2002-09-20,,,2001-10-15,0.93
dilret,seed,2001a,7,n,44,2,Barb&Dan,2002-09-20,,,2001-10-15,0.93
gomlat,seed,2001a,1,n,25,1.6,Barb&Dan,2002-09-20,,,2001-10-15,0.93
gomlat,seed,2001a,2,n,41,2,Barb&Dan,2002-09-20,,,2001-10-15,0.93
gomlat,seed,2001a,3,n,40,2.2,Barb&Dan,2002-09-20,,,2001-10-15,0.93
gomlat,seed,2001a,4,n,52,2,Barb&Dan,2002-09-20,,,2001-10-15,0.93
gomlat,seed,2001a,5,n,26,1.3,Barb&Dan,2002-09-20,,,2001-10-15,0.93
gonteu,resp,2001a,1,n,38,1.5,Barb&Dan,2002-09-20,,,2001-10-15,0.93
gonteu,resp,2001a,2,n,37,2.1,Barb&Dan,2002-09-20,,,2001-10-15,0.93
gonteu,resp,2001a,3,n,24,1.4,Barb&Dan,2002-09-20,,,2001-10-15,0.93
gonteu,resp,2001a,4,n,40,4.8,Barb&Dan,2002-09-20,,,2001-10-15,0.93
gonteu,resp,2001a,5,n,25,1.3,Barb&Dan,2002-09-20,,,2001-10-15,0.93
hibobt,resp,2001a,1,y,34,1.9,Barb&Dan,2002-09-20,,,2001-10-15,0.93
hibobt,resp,2001a,2,y,58,2.4,Barb&Dan,2002-09-20,,,2001-10-15,0.93
hibobt,resp,2001a,3,y,75,2.8,Barb&Dan,2002-09-20,,,2001-10-15,0.93
hibobt,resp,2001a,4,y,60,2.2,Barb&Dan,2002-09-20,,,2001-10-15,0.93
hibobt,resp,2001a,5,y,49,2.4,Barb&Dan,2002-09-20,,,2001-10-15,0.93
leulan,resp,2001a,1,n,55,2.4,Barb&Dan,2002-09-20,,,2001-10-15,0.93
leulan,resp,2001a,2,n,24,1.6,Barb&Dan,2002-09-20,,,2001-10-15,0.93
leulan,resp,2001a,3,n,45,2.3,Barb&Dan,2002-09-20,,,2001-10-15,0.93
leulan,resp,2001a,4,n,26,1.6,Barb&Dan,2002-09-20,,,2001-10-15,0.93
leulan,resp,2001a,5,n,50,3.6,Barb&Dan,2002-09-20,,,2001-10-15,0.93
perlev,resp,2001a,1,n,62,2.2,Barb&Dan,2002-09-20,,,2001-10-15,0.93
perlev,resp,2001a,2,n,102,2.3,Barb&Dan,2002-09-20,,,2001-10-15,0.93
perlev,resp,2001a,3,n,97,1.6,Barb&Dan,2002-09-20,,,2001-10-15,0.93
perlev,resp,2001a,4,n,91,1.9,Barb&Dan,2002-09-20,,,2001-10-15,0.93
perlev,resp,2001a,5,n,34,3.7,Barb&Dan,2002-09-20,,,2001-10-15,0.93
ricpin,resp,2001a,1,y,30,2.8,Barb&Dan,2002-09-20,,,2001-10-15,0.93
ricpin,resp,2001a,2,y,56,4,Barb&Dan,2002-09-20,,,2001-10-15,0.93
ricpin,resp,2001a,3,y,91,3.7,Barb&Dan,2002-09-20,,,2001-10-15,0.93
ricpin,resp,2001a,4,y,78,3.8,Barb&Dan,2002-09-20,,,2001-10-15,0.93
ricpin,resp,2001a,5,y,45,2.4,Barb&Dan,2002-09-20,,,2001-10-15,0.93
ricpin,seed,2001a,1,n,22,1.3,Barb&Dan,2002-09-20,,,2001-10-15,0.93
ricpin,seed,2001a,1,n,26,2,Barb&Dan,2002-09-20,,,2001-10-15,0.93
tetthy,resp,2001a,1,y,22,0.7,Barb&Dan,2002-09-20,,,2001-10-15,0.93
tetthy,resp,2001a,2,y,40,1.1,Barb&Dan,2002-09-20,,,2001-10-15,0.93
tetthy,resp,2001a,3,y,41,1.3,Barb&Dan,2002-09-20,,,2001-10-15,0.93
tetthy,resp,2001a,4,y,37,1.5,Barb&Dan,2002-09-20,,,2001-10-15,0.93
tetthy,resp,2001a,5,y,25,1.1,Barb&Dan,2002-09-20,,,2001-10-15,0.93
acasop,seed,2000g,1,n,87,2.9,Dan&AnnaMaria,2003-03-12,,,2000-09-15,2.49
acasop,seed,2000g,2,n,105,4.1,Dan&AnnaMaria,2003-03-12,,,2000-09-15,2.49
acasop,seed,2000g,3,n,68,2.9,Dan&AnnaMaria,2003-03-12,,,2000-09-15,2.49
acasop,seed,2000g,4,n,92,3,Dan&AnnaMaria,2003-03-12,,,2000-09-15,2.49
acasua,seed,2000g,1,y,149,4.2,Dan&AnnaMaria,2003-03-12,,,2000-09-15,2.49
acasua,seed,2000g,2,y,156,4.9,Dan&AnnaMaria,2003-03-12,,,2000-09-15,2.49
acasua,seed,2000g,3,y,201,6.7,Dan&AnnaMaria,2003-03-12,,,2000-09-15,2.49
acasua,seed,2000g,4,y,207,6.7,Dan&AnnaMaria,2003-03-12,,,2000-09-15,2.49
acasua,seed,2000g,5,y,176,4.8,Dan&AnnaMaria,2003-03-12,,,2000-09-15,2.49
acasua,seed,2000g,1,y,168,5.1,Dan,2003-03-14,,y,2000-09-15,2.49
acasua,seed,2000g,2,y,182,5.8,Dan,2003-03-14,,y,2000-09-15,2.49
acasua,seed,2000g,3,y,193,5.3,Dan,2003-03-14,,y,2000-09-15,2.49
acasua,seed,2000g,4,y,220,7.1,Dan,2003-03-14,,y,2000-09-15,2.49
acater,seed,2000g,1,y,162,7.5,Dan&AnnaMaria,2003-03-12,,,2000-09-15,2.49
acater,seed,2000g,2,y,204,11.7,Dan&AnnaMaria,2003-03-12,,,2000-09-15,2.49
acater,seed,2000g,3,y,198,9.8,Dan&AnnaMaria,2003-03-12,,,2000-09-15,2.49
acater,seed,2000g,4,y,290,13.6,Dan&AnnaMaria,2003-03-12,,,2000-09-15,2.49
acater,seed,2000g,5,y,234,8.8,Dan&AnnaMaria,2003-03-12,,,2000-09-15,2.49
acauli,seed,2000g,1,y,150,7.7,Dan&AnnaMaria,2003-03-12,,,2000-09-15,2.49
acauli,seed,2000g,2,y,148,6.1,Dan&AnnaMaria,2003-03-12,,,2000-09-15,2.49
acauli,seed,2000g,3,y,159,8.3,Dan&AnnaMaria,2003-03-12,,,2000-09-15,2.49
acauli,seed,2000g,4,y,149,5.2,Dan&AnnaMaria,2003-03-12,,,2000-09-15,2.49
acauli,seed,2000g,5,y,168,8.7,Dan&AnnaMaria,2003-03-12,,,2000-09-15,2.49
aoteri,resp,2000g,1,y,142,5,Dan&AnnaMaria,2003-03-12,,,2000-09-15,2.49
aoteri,resp,2000g,2,y,149,5.1,Dan&AnnaMaria,2003-03-12,,,2000-09-15,2.49
aoteri,resp,2000g,3,y,171,6.6,Dan&AnnaMaria,2003-03-12,,,2000-09-15,2.49
aoteri,resp,2000g,4,y,92,4.8,Dan&AnnaMaria,2003-03-12,,,2000-09-15,2.49
aoteri,resp,2000g,5,y,86,6.5,Dan&AnnaMaria,2003-03-12,,,2000-09-15,2.49
banser,seed,2000g,1,n,26,3.6,Dan&AnnaMaria,2003-03-12,,,2000-09-15,2.49
banser,seed,2000g,2,n,11,2.7,Dan&AnnaMaria,2003-03-12,,,2000-09-15,2.49
banser,seed,2000g,3,n,9,2.8,Dan&AnnaMaria,2003-03-12,,,2000-09-15,2.49
banser,seed,2000g,4,n,20,3.5,Dan&AnnaMaria,2003-03-12,,,2000-09-15,2.49
banser,seed,2000g,5,n,8,3.2,Dan&AnnaMaria,2003-03-12,,,2000-09-15,2.49
banser,resp,2000g,1,n,278,22.1,Dan&AnnaMaria,2003-03-12,,,2000-09-15,2.49
banser,resp,2000g,2,n,262,18.2,Dan&AnnaMaria,2003-03-12,,,2000-09-15,2.49
banser,resp,2000g,3,n,355,30.1,Dan&AnnaMaria,2003-03-12,,,2000-09-15,2.49
banser,resp,2000g,4,n,233,16.8,Dan&AnnaMaria,2003-03-12,,,2000-09-15,2.49
banser,resp,2000g,5,n,182,11.7,Dan&AnnaMaria,2003-03-12,,,2000-09-15,2.49
bradap,resp,2000g,3,y,73,2,Dan&AnnaMaria,2003-03-12,,,2000-09-15,2.49
dilret,seed,2000g,1,y,129,5.3,Dan&AnnaMaria,2003-03-12,,,2000-09-15,2.49
dilret,seed,2000g,2,n,91,3.3,Dan&AnnaMaria,2003-03-12,,,2000-09-15,2.49
dilret,seed,2000g,3,y,118,5.5,Dan&AnnaMaria,2003-03-12,,,2000-09-15,2.49
dilret,seed,2000g,4,y,133,4.5,Dan&AnnaMaria,2003-03-12,,,2000-09-15,2.49
dilret,seed,2000g,5,y,137,4.8,Dan&AnnaMaria,2003-03-12,,,2000-09-15,2.49
gomvir,seed,2000g,1,y,82,3.4,Dan&AnnaMaria,2003-03-12,,,2000-09-15,2.49
gomvir,seed,2000g,2,y,85,4.7,Dan&AnnaMaria,2003-03-12,,,2000-09-15,2.49
gomvir,seed,2000g,3,y,95,6.8,Dan&AnnaMaria,2003-03-12,,,2000-09-15,2.49
gomvir,seed,2000g,4,y,91,4.3,Dan&AnnaMaria,2003-03-12,,,2000-09-15,2.49
gomvir,seed,2000g,5,y,90,3.9,Dan&AnnaMaria,2003-03-12,,,2000-09-15,2.49
gonteu,seed,2000g,1,n,68,1.3,Dan&AnnaMaria,2003-03-12,,,2000-09-15,2.49
gonteu,seed,2000g,2,n,62,3.2,Dan&AnnaMaria,2003-03-12,,,2000-09-15,2.49
gonteu,seed,2000g,3,n,63,2.8,Dan&AnnaMaria,2003-03-12,,,2000-09-15,2.49
gonteu,seed,2000g,4,n,62,1.4,Dan&AnnaMaria,2003-03-12,,,2000-09-15,2.49
gonteu,seed,2000g,5,n,73,2.4,Dan&AnnaMaria,2003-03-12,,,2000-09-15,2.49
leueri??,resp,2000g,1,y,62,3.7,Dan&AnnaMaria,2003-03-12,,,2000-09-15,2.49
leueri??,resp,2000g,2,y,98,3.9,Dan&AnnaMaria,2003-03-12,,,2000-09-15,2.49
leulan,resp,2000g,1,y,118,8.5,Dan&AnnaMaria,2003-03-12,,,2000-09-15,2.49
leulan,resp,2000g,2,y,177,10.1,Dan&AnnaMaria,2003-03-12,,,2000-09-15,2.49
leulan,resp,2000g,3,y,169,8.9,Dan&AnnaMaria,2003-03-12,,,2000-09-15,2.49
leulan,resp,2000g,4,y,156,5.6,Dan&AnnaMaria,2003-03-12,,,2000-09-15,2.49
leulan,resp,2000g,5,y,181,10,Dan&AnnaMaria,2003-03-12,,,2000-09-15,2.49
pimlin,seed,2000g,1,y,137,3.8,Dan&AnnaMaria,2003-03-12,,,2000-09-15,2.49
pimlin,seed,2000g,2,y,142,5.3,Dan&AnnaMaria,2003-03-12,,,2000-09-15,2.49
pimlin,seed,2000g,3,y,156,3.8,Dan&AnnaMaria,2003-03-12,,,2000-09-15,2.49
pimlin,seed,2000g,4,y,145,6.6,Dan&AnnaMaria,2003-03-12,,,2000-09-15,2.49
pimlin,seed,2000g,5,y,173,4.2,Dan&AnnaMaria,2003-03-12,,,2000-09-15,2.49
platyA,seed,2000g,1,y,16,1.6,Dan&AnnaMaria,2003-03-12,,,2000-09-15,2.49
platyA,seed,2000g,2,y,21,1.3,Dan&AnnaMaria,2003-03-12,,,2000-09-15,2.49
platyA,seed,2000g,3,n,19,0.7,Dan&AnnaMaria,2003-03-12,,,2000-09-15,2.49
platyA,seed,2000g,4,y,25,1.8,Dan&AnnaMaria,2003-03-12,,,2000-09-15,2.49
platyA,seed,2000g,5,y,21,1.4,Dan&AnnaMaria,2003-03-12,,,2000-09-15,2.49
platyA,seed,2000g,6,y,22,0.8,Dan&AnnaMaria,2003-03-12,,,2000-09-15,2.49
pomumb,seed,2000g,1,y,14,0.3,Dan&AnnaMaria,2003-03-12,,,2000-09-15,2.49
pomumb,seed,2000g,2,y,22,0.4,Dan&AnnaMaria,2003-03-12,,,2000-09-15,2.49
pomumb,seed,2000g,3,y,16,0.7,Dan&AnnaMaria,2003-03-12,,,2000-09-15,2.49
pomumb,seed,2000g,4,y,8,0.6,Dan&AnnaMaria,2003-03-12,,,2000-09-15,2.49
pomumb,seed,2000g,5,y,15,0.7,Dan&AnnaMaria,2003-03-12,,,2000-09-15,2.49
ricpin,resp,2000g,1,y,56,4,Dan&AnnaMaria,2003-03-12,,,2000-09-15,2.49
ricpin,resp,2000g,2,y,62,3.4,Dan&AnnaMaria,2003-03-12,,,2000-09-15,2.49
ricpin,resp,2000g,3,y,106,7.7,Dan&AnnaMaria,2003-03-12,,,2000-09-15,2.49
ricpin,resp,2000g,4,y,105,5.6,Dan&AnnaMaria,2003-03-12,,,2000-09-15,2.49
ricpin,resp,2000g,4,y,114,4.4,Dan&AnnaMaria,2003-03-12,,,2000-09-15,2.49
tetthy,resp,2000g,1,y,45,1.3,Dan&AnnaMaria,2003-03-12,,,2000-09-15,2.49
tetthy,resp,2000g,2,y,56,0.6,Dan&AnnaMaria,2003-03-12,,,2000-09-15,2.49
tetthy,resp,2000g,3,y,67,1.3,Dan&AnnaMaria,2003-03-12,,,2000-09-15,2.49
tetthy,resp,2000g,4,y,54,1.4,Dan&AnnaMaria,2003-03-12,,,2000-09-15,2.49
tetthy,resp,2000g,5,y,75,2,Dan&AnnaMaria,2003-03-12,,,2000-09-15,2.49
acasop,seed,2000E,4,y,78,2.7,Mike&Denise&Dan,2002-10-09,,,2000-09-15,2.07
acasua,seed,2000E,1,y,88,3.4,Mike&Denise&Dan,2002-10-09,,,2000-09-15,2.07
acasua,seed,2000E,2,y,146,5,Mike&Denise&Dan,2002-10-09,,,2000-09-15,2.07
acasua,seed,2000E,3,y,71,2.6,Mike&Denise&Dan,2002-10-09,,,2000-09-15,2.07
acasua,seed,2000E,4,y,72,3.1,Mike&Denise&Dan,2002-10-09,,,2000-09-15,2.07
acasua,seed,2000E,5,y,120,3,Mike&Denise&Dan,2002-10-09,,,2000-09-15,2.07
acauli,seed,2000E,1,?,85,3.3,Mike&Denise&Dan,2002-10-09,,,2000-09-15,2.07
acauli,seed,2000E,2,?,83,2.7,Mike&Denise&Dan,2002-10-09,,,2000-09-15,2.07
acauli,seed,2000E,3,?,115,5.1,Mike&Denise&Dan,2002-10-09,,,2000-09-15,2.07
acauli,seed,2000E,4,?,77,2.2,Mike&Denise&Dan,2002-10-09,,,2000-09-15,2.07
acauli,seed,2000E,5,?,110,3.7,Mike&Denise&Dan,2002-10-09,,,2000-09-15,2.07
banser,resp,2000E,1,n,103,2.9,Mike&Denise&Dan,2002-10-09,,,2000-09-15,2.07
banser,resp,2000E,2,n,176,13.3,Mike&Denise&Dan,2002-10-09,,,2000-09-15,2.07
banser,resp,2000E,3,n,95,7.6,Mike&Denise&Dan,2002-10-09,,,2000-09-15,2.07
banser,resp,2000E,4,n,92,8.3,Mike&Denise&Dan,2002-10-09,,,2000-09-15,2.07
banser,resp,2000E,5,n,45,4.5,Mike&Denise&Dan,2002-10-09,,,2000-09-15,2.07
banser,seed,2000E,1,n,8,2.5,Mike&Denise&Dan,2002-10-09,,,2000-09-15,2.07
banser,seed,2000E,2,n,53,5.9,Mike&Denise&Dan,2002-10-09,,,2000-09-15,2.07
boshet,resp,2000E,1,n,64,,Mike&Denise&Dan,2002-10-09,,,2000-09-15,2.07
boshet,resp,2000E,2,n,63,,Mike&Denise&Dan,2002-10-09,,,2000-09-15,2.07
boshet,resp,2000E,3,n,60,,Mike&Denise&Dan,2002-10-09,,,2000-09-15,2.07
boshet,resp,2000E,4,n,78,,Mike&Denise&Dan,2002-10-09,,,2000-09-15,2.07
boshet,resp,2000E,5,n,82,,Mike&Denise&Dan,2002-10-09,,,2000-09-15,2.07
bradap,resp,2000E,1,y,69,2.2,Mike&Denise&Dan,2002-10-09,,,2000-09-15,2.07
bradap,resp,2000E,2,y,39,2.3,Mike&Denise&Dan,2002-10-09,,,2000-09-15,2.07
bradap,resp,2000E,3,y,90,4.3,Mike&Denise&Dan,2002-10-09,,,2000-09-15,2.07
corref,resp,2000E,1,n,50,0.7,Mike&Denise&Dan,2002-10-09,,,2000-09-15,2.07
corref,resp,2000E,2,n,73,3.9,Mike&Denise&Dan,2002-10-09,,,2000-09-15,2.07
corref,resp,2000E,3,n,79,4.7,Mike&Denise&Dan,2002-10-09,,,2000-09-15,2.07
corref,resp,2000E,4,n,58,3.1,Mike&Denise&Dan,2002-10-09,,,2000-09-15,2.07
corref,resp,2000E,5,n,75,4.5,Mike&Denise&Dan,2002-10-09,,,2000-09-15,2.07
dilret,seed,2000E,1,?,89,3.4,Mike&Denise&Dan,2002-10-09,,,2000-09-15,2.07
dilret,seed,2000E,2,?,98,3.8,Mike&Denise&Dan,2002-10-09,,,2000-09-15,2.07
dilret,seed,2000E,3,?,78,2.8,Mike&Denise&Dan,2002-10-09,,,2000-09-15,2.07
dilret,seed,2000E,4,?,53,1.8,Mike&Denise&Dan,2002-10-09,,,2000-09-15,2.07
dilret,seed,2000E,5,?,67,2.4,Mike&Denise&Dan,2002-10-09,,,2000-09-15,2.07
gomlat,seed,2000E,1,y,134,5.4,Mike&Denise&Dan,2002-10-09,,,2000-09-15,2.07
gomlat,seed,2000E,2,y,124,4.4,Mike&Denise&Dan,2002-10-09,,,2000-09-15,2.07
gomlat,seed,2000E,3,y,156,6.9,Mike&Denise&Dan,2002-10-09,,,2000-09-15,2.07
gomlat,seed,2000E,4,y,129,4.4,Mike&Denise&Dan,2002-10-09,,,2000-09-15,2.07
gomlat,seed,2000E,5,y,128,5.2,Mike&Denise&Dan,2002-10-09,,,2000-09-15,2.07
hibobt,seed,2000E,1,y,9.5,1.3,Mike&Denise&Dan,2002-10-09,,,2000-09-15,2.07
hibobt,resp,2000E,1,y,55,2.3,Mike&Denise&Dan,2002-10-09,,,2000-09-15,2.07
hibobt,resp,2000E,2,y,44,1.8,Mike&Denise&Dan,2002-10-09,,,2000-09-15,2.07
hibobt,resp,2000E,3,y,47,1.6,Mike&Denise&Dan,2002-10-09,,,2000-09-15,2.07
hibobt,resp,2000E,4,y,52,2.7,Mike&Denise&Dan,2002-10-09,,,2000-09-15,2.07
leulan,seed,2000E,1,n,8.5,0.5,Mike&Denise&Dan,2002-10-09,,,2000-09-15,2.07
leulan,seed,2000E,2,n,9.5,0.6,Mike&Denise&Dan,2002-10-09,,,2000-09-15,2.07
leulan,seed,2000E,3,n,7,0.5,Mike&Denise&Dan,2002-10-09,,,2000-09-15,2.07
leulan,seed,2000E,4,n,9.5,0.8,Mike&Denise&Dan,2002-10-09,,,2000-09-15,2.07
leulan,seed,2000E,6,n,11.5,0.5,Mike&Denise&Dan,2002-10-09,,,2000-09-15,2.07
leulan,seed,2000E,5,n,7.5,0.5,Mike&Denise&Dan,2002-10-09,,,2000-09-15,2.07
leulan,resp,2000E,1,y,176,6.9,Mike&Denise&Dan,2002-10-09,,,2000-09-15,2.07
leulan,resp,2000E,2,y,110,6,Mike&Denise&Dan,2002-10-09,,,2000-09-15,2.07
leulan,resp,2000E,3,y,154,6.7,Mike&Denise&Dan,2002-10-09,,,2000-09-15,2.07
leulan,resp,2000E,4,y,155,6.6,Mike&Denise&Dan,2002-10-09,,,2000-09-15,2.07
leulan,resp,2000E,5,y,118,5.5,Mike&Denise&Dan,2002-10-09,,,2000-09-15,2.07
oxyili,resp,2000E,1,y,128,5.8,Mike&Denise&Dan,2002-10-09,,,2000-09-15,2.07
oxyili,resp,2000E,2,y,160,6.4,Mike&Denise&Dan,2002-10-09,,,2000-09-15,2.07
oxyili,resp,2000E,3,y,119,4.8,Mike&Denise&Dan,2002-10-09,,,2000-09-15,2.07
oxyili,resp,2000E,4,y,100,5.1,Mike&Denise&Dan,2002-10-09,,,2000-09-15,2.07
oxyili,resp,2000E,5,y,122,5.2,Mike&Denise&Dan,2002-10-09,,,2000-09-15,2.07
perlev,resp,2000E,1,n,142,15.5,Mike&Denise&Dan,2002-10-09,,,2000-09-15,2.07
perlev,resp,2000E,2,n,106,16.1,Mike&Denise&Dan,2002-10-09,,,2000-09-15,2.07
perlev,resp,2000E,3,n,95,2.8,Mike&Denise&Dan,2002-10-09,,,2000-09-15,2.07
perlev,resp,2000E,4,n,125,12.3,Mike&Denise&Dan,2002-10-09,,,2000-09-15,2.07
perlev,resp,2000E,5,n,136,14.8,Mike&Denise&Dan,2002-10-09,,,2000-09-15,2.07
perlev,seed,2000E,1,n,17,1.6,Mike&Denise&Dan,2002-10-09,,,2000-09-15,2.07
pimlin,seed,2000E,1,y,99,2.3,Mike&Denise&Dan,2002-10-09,,,2000-09-15,2.07
pimlin,seed,2000E,2,y,81,2.7,Mike&Denise&Dan,2002-10-09,,,2000-09-15,2.07
pimlin,seed,2000E,3,y,102,4.1,Mike&Denise&Dan,2002-10-09,,,2000-09-15,2.07
pimlin,seed,2000E,4,y,92,2.3,Mike&Denise&Dan,2002-10-09,,,2000-09-15,2.07
pimlin,seed,2000E,5,y,78,3.7,Mike&Denise&Dan,2002-10-09,,,2000-09-15,2.07
ricpin,seed,2000E,1,n,12.5,1.5,Mike&Denise&Dan,2002-10-09,,,2000-09-15,2.07
ricpin,resp,2000E,1,y,72,4.4,Mike&Denise&Dan,2002-10-09,,,2000-09-15,2.07
ricpin,resp,2000E,2,y,73,4.2,Mike&Denise&Dan,2002-10-09,,,2000-09-15,2.07
ricpin,resp,2000E,3,y,100,6.5,Mike&Denise&Dan,2002-10-09,,,2000-09-15,2.07
ricpin,resp,2000E,4,y,69,3.8,Mike&Denise&Dan,2002-10-09,,,2000-09-15,2.07
ricpin,resp,2000E,5,y,74,2.7,Mike&Denise&Dan,2002-10-09,,,2000-09-15,2.07
ricpin,resp,2000E,6,y,113,4.9,Mike&Denise&Dan,2002-10-09,,,2000-09-15,2.07
sppC,resp,2000E,1,n,98,2.2,Mike&Denise&Dan,2002-10-09,,,2000-09-15,2.07
sppC,resp,2000E,2,n,102,3.7,Mike&Denise&Dan,2002-10-09,,,2000-09-15,2.07
sppC,resp,2000E,3,n,63,3.1,Mike&Denise&Dan,2002-10-09,,,2000-09-15,2.07
sppC,resp,2000E,4,n,58,2.8,Mike&Denise&Dan,2002-10-09,,,2000-09-15,2.07
sppC,resp,2000E,5,n,68,3.9,Mike&Denise&Dan,2002-10-09,,,2000-09-15,2.07
tetthy,resp,2000E,1,y,43,1.1,Mike&Denise&Dan,2002-10-09,,,2000-09-15,2.07
tetthy,resp,2000E,2,y,45,1.4,Mike&Denise&Dan,2002-10-09,,,2000-09-15,2.07
tetthy,resp,2000E,3,y,44,1.1,Mike&Denise&Dan,2002-10-09,,,2000-09-15,2.07
tetthy,resp,2000E,4,y,51,1.5,Mike&Denise&Dan,2002-10-09,,,2000-09-15,2.07
tetthy,resp,2000E,5,y,70,2.8,Mike&Denise&Dan,2002-10-09,,,2000-09-15,2.07
xylpyr,resp,2000E,1,n,158,12.2,Mike&Denise&Dan,2002-10-09,,,2000-09-15,2.07
xylpyr,resp,2000E,2,n,83,10.9,Mike&Denise&Dan,2002-10-09,,,2000-09-15,2.07
xylpyr,resp,2000E,3,n,123,8.8,Mike&Denise&Dan,2002-10-09,,,2000-09-15,2.07
xylpyr,resp,2000E,4,n,144,10.4,Mike&Denise&Dan,2002-10-09,,,2000-09-15,2.07
xylpyr,resp,2000E,5,n,209,14.4,Mike&Denise&Dan,2002-10-09,,,2000-09-15,2.07
banser,resp,2000D,1,n,48,4.1,Mike&Denise&Dan,2002-10-09,,,2000-09-15,2.07
banser,resp,2000D,2,n,141,9.4,Mike&Denise&Dan,2002-10-09,,,2000-09-15,2.07
banser,resp,2000D,3,n,185,10.2,Mike&Denise&Dan,2002-10-09,,,2000-09-15,2.07
banser,resp,2000D,4,n,192,11.5,Mike&Denise&Dan,2002-10-09,,,2000-09-15,2.07
banser,resp,2000D,5,n,166,10.5,Mike&Denise&Dan,2002-10-09,,,2000-09-15,2.07
banser,seed,2000D,1,n,15,2.4,Mike&Denise&Dan,2002-10-09,,,2000-09-15,2.07
banser,seed,2000D,2,n,8,2.6,Mike&Denise&Dan,2002-10-09,,,2000-09-15,2.07
banser,seed,2000D,3,n,15,4.2,Mike&Denise&Dan,2002-10-09,,,2000-09-15,2.07
banser,seed,2000D,4,n,16,3.7,Mike&Denise&Dan,2002-10-09,,,2000-09-15,2.07
banser,seed,2000D,5,n,9,4.4,Mike&Denise&Dan,2002-10-09,,,2000-09-15,2.07
corref,seed,2000D,1,n,10,1.1,Mike&Denise&Dan,2002-10-09,,,2000-09-15,2.07
corref,seed,2000D,2,n,24,1.1,Mike&Denise&Dan,2002-10-09,,,2000-09-15,2.07
corref,seed,2000D,3,n,28,1.3,Mike&Denise&Dan,2002-10-09,,,2000-09-15,2.07
corref,seed,2000D,4,n,24,1.4,Mike&Denise&Dan,2002-10-09,,,2000-09-15,2.07
corref,seed,2000D,5,n,22,1.2,Mike&Denise&Dan,2002-10-09,,,2000-09-15,2.07
corref,resp,2000D,1,n,51,3.3,Mike&Denise&Dan,2002-10-09,,,2000-09-15,2.07
corref,resp,2000D,2,n,56,2.8,Mike&Denise&Dan,2002-10-09,,,2000-09-15,2.07
corref,resp,2000D,3,n,45,3,Mike&Denise&Dan,2002-10-09,,,2000-09-15,2.07
corref,resp,2000D,4,n,57,3.6,Mike&Denise&Dan,2002-10-09,,,2000-09-15,2.07
corref,resp,2000D,5,n,40,4.2,Mike&Denise&Dan,2002-10-09,,,2000-09-15,2.07
hibobt,resp,2000D,1,y,95,3.9,Mike&Denise&Dan,2002-10-09,,,2000-09-15,2.07
hibobt,resp,2000D,2,y,60,2,Mike&Denise&Dan,2002-10-09,,,2000-09-15,2.07
hibobt,resp,2000D,3,y,130,5.8,Mike&Denise&Dan,2002-10-09,,,2000-09-15,2.07
hibobt,resp,2000D,4,y,87,4,Mike&Denise&Dan,2002-10-09,,,2000-09-15,2.07
hibobt,resp,2000D,5,y,79,4.8,Mike&Denise&Dan,2002-10-09,,,2000-09-15,2.07
hibobt,?,2000D,1,n,12,1.1,Mike&Denise&Dan,2002-10-09,,,2000-09-15,2.07
hibobt,?,2000D,2,n,52,4,Mike&Denise&Dan,2002-10-09,,,2000-09-15,2.07
hibobt,?,2000D,3,n,35,2.9,Mike&Denise&Dan,2002-10-09,,,2000-09-15,2.07
hibobt,?,2000D,4,n,56,2,Mike&Denise&Dan,2002-10-09,,,2000-09-15,2.07
hibobt,?,2000D,5,n,60,2.6,Mike&Denise&Dan,2002-10-09,,,2000-09-15,2.07
leulan,resp,2000D,1,n,128,6.8,Mike&Denise&Dan,2002-10-09,,,2000-09-15,2.07
leulan,resp,2000D,2,n,140,4.7,Mike&Denise&Dan,2002-10-09,,,2000-09-15,2.07
leulan,resp,2000D,3,n,150,8.4,Mike&Denise&Dan,2002-10-09,,,2000-09-15,2.07
leulan,resp,2000D,4,n,110,6.4,Mike&Denise&Dan,2002-10-09,,,2000-09-15,2.07
leulan,resp,2000D,5,n,123,5.6,Mike&Denise&Dan,2002-10-09,,,2000-09-15,2.07
leulan,seed,2000D,1,n,13,1.2,Mike&Denise&Dan,2002-10-09,,,2000-09-15,2.07
leulan,seed,2000D,2,n,7.8,1.1,Mike&Denise&Dan,2002-10-09,,,2000-09-15,2.07
leulan,seed,2000D,3,n,4.5,0.9,Mike&Denise&Dan,2002-10-09,,,2000-09-15,2.07
leulan,seed,2000D,4,n,11.5,0.9,Mike&Denise&Dan,2002-10-09,,,2000-09-15,2.07
leulan,seed,2000D,5,n,10,0.6,Mike&Denise&Dan,2002-10-09,,,2000-09-15,2.07
monell,seed,2000D,1,n,9.5,0.95,Mike&Denise&Dan,2002-10-09,,,2000-09-15,2.07
platyA,seed,2000D,1,y,19,0.5,Mike&Denise&Dan,2002-10-09,,,2000-09-15,2.07
platyA,seed,2000D,2,y,17,0.7,Mike&Denise&Dan,2002-10-09,,,2000-09-15,2.07
platyA,seed,2000D,3,y,17,0.5,Mike&Denise&Dan,2002-10-09,,,2000-09-15,2.07
platyA,seed,2000D,4,y,25,1.1,Mike&Denise&Dan,2002-10-09,,,2000-09-15,2.07
platyA,seed,2000D,5,y,25,1,Mike&Denise&Dan,2002-10-09,,,2000-09-15,2.07
pomumb,seed,2000D,1,y,25.5,2.7,Mike&Denise&Dan,2002-10-09,,,2000-09-15,2.07
pomumb,seed,2000D,2,y,27,1,Mike&Denise&Dan,2002-10-09,,,2000-09-15,2.07
pomumb,seed,2000D,3,y,21,1.6,Mike&Denise&Dan,2002-10-09,,,2000-09-15,2.07
pomumb,seed,2000D,4,y,31,1.6,Mike&Denise&Dan,2002-10-09,,,2000-09-15,2.07
pomumb,seed,2000D,5,y,26,1,Mike&Denise&Dan,2002-10-09,,,2000-09-15,2.07
ricpin,seed,2000D,1,n,21.5,1.6,Mike&Denise&Dan,2002-10-09,,,2000-09-15,2.07
ricpin,seed,2000D,2,n,22,1.1,Mike&Denise&Dan,2002-10-09,,,2000-09-15,2.07
ricpin,seed,2000D,3,n,13.5,1.6,Mike&Denise&Dan,2002-10-09,,,2000-09-15,2.07
ricpin,seed,2000D,4,n,12,1.1,Mike&Denise&Dan,2002-10-09,,,2000-09-15,2.07
ricpin,seed,2000D,5,n,18,1.6,Mike&Denise&Dan,2002-10-09,,,2000-09-15,2.07
gomlat,seed,2000c,1,n,136,7.2,Barb&Dan,2002-09-20,,,2000-09-15,2.01
gomlat,seed,2000c,2,n,135,7.9,Barb&Dan,2002-09-20,,,2000-09-15,2.01
gomlat,seed,2000c,3,n,128,5.9,Barb&Dan,2002-09-20,,,2000-09-15,2.01
gomlat,seed,2000c,4,n,155,8,Barb&Dan,2002-09-20,,,2000-09-15,2.01
gomlat,seed,2000c,5,n,136,6.2,Barb&Dan,2002-09-20,,,2000-09-15,2.01
acasua,seed,2000B,1,y,105,4.6,Barb&Dan,2002-09-20,,,2000-09-15,2.01
acasua,seed,2000B,2,y,74,3,Barb&Dan,2002-09-20,,,2000-09-15,2.01
acasua,seed,2000B,3,y,96,3.7,Barb&Dan,2002-09-20,,,2000-09-15,2.01
acasua,seed,2000B,4,y,75,3.2,Barb&Dan,2002-09-20,,,2000-09-15,2.01
acasua,seed,2000B,5,y,79,3.6,Barb&Dan,2002-09-20,,,2000-09-15,2.01
acater,seed,2000B,1,n,148,10.4,Barb&Dan,2002-09-20,,,2000-09-15,2.01
acater,seed,2000B,2,n,124,7.6,Barb&Dan,2002-09-20,,,2000-09-15,2.01
acater,seed,2000B,3,n,110,6.5,Barb&Dan,2002-09-20,,,2000-09-15,2.01
acater,seed,2000B,4,n,53,3.5,Barb&Dan,2002-09-20,,,2000-09-15,2.01
acater,seed,2000B,5,n,100,5.1,Barb&Dan,2002-09-20,,,2000-09-15,2.01
acater,seed,2000b,1,y,198,10.8,Dan,2003-03-14,,y,2000-09-15,2.49
acater,seed,2000b,2,y,201,14.8,Dan,2003-03-14,,y,2000-09-15,2.49
acater,seed,2000b,3,y,190,11.5,Dan,2003-03-14,,y,2000-09-15,2.49
acater,seed,2000b,4,y,172,10.7,Dan,2003-03-14,,y,2000-09-15,2.49
acauli,seed,2000B,1,y,62,2.4,Barb&Dan,2002-09-20,,,2000-09-15,2.01
acauli,seed,2000B,2,y,49,2.3,Barb&Dan,2002-09-20,,,2000-09-15,2.01
acauli,seed,2000B,3,y,35,1.5,Barb&Dan,2002-09-20,,,2000-09-15,2.01
acauli,seed,2000B,4,y,130,5.3,Barb&Dan,2002-09-20,,,2000-09-15,2.01
acauli,seed,2000B,5,y,66,2.9,Barb&Dan,2002-09-20,,,2000-09-15,2.01
acthel,seed,2000B,1,y,165,10,Barb&Dan,2002-09-20,,,2000-09-15,2.01
acthel,seed,2000B,2,y,132,5.8,Barb&Dan,2002-09-20,,,2000-09-15,2.01
acthel,seed,2000B,3,y,130,10.2,Barb&Dan,2002-09-20,,,2000-09-15,2.01
acthel,seed,2000B,4,y,195,10.2,Barb&Dan,2002-09-20,,,2000-09-15,2.01
acthel,seed,2000B,5,y,198,8,Barb&Dan,2002-09-20,,,2000-09-15,2.01
acthel,seed,2000B,6,n,20,1.6,Barb&Dan,2002-09-20,"smaller seedlings, 2nd cohort? ",,2000-09-15,2.01
acthel,seed,2000B,7,n,12,1.1,Barb&Dan,2002-09-20,"smaller seedlings, 2nd cohort? ",,2000-09-15,2.01
acthel,seed,2000B,8,n,37,2.3,Barb&Dan,2002-09-20,"smaller seedlings, 2nd cohort? ",,2000-09-15,2.01
acthel,seed,2000B,9,n,90,3.3,Barb&Dan,2002-09-20,"smaller seedlings, 2nd cohort? ",,2000-09-15,2.01
acthel,seed,2000B,10,n,76,2.9,Barb&Dan,2002-09-20,"smaller seedlings, 2nd cohort? ",,2000-09-15,2.01
acthel,seed,2000B,11,n,77,3.3,Barb&Dan,2002-09-20,"smaller seedlings, 2nd cohort? ",,2000-09-15,2.01
acthel,seed,2000B,12,n,44,2.2,Barb&Dan,2002-09-20,"smaller seedlings, 2nd cohort? ",,2000-09-15,2.01
acthel,seed,2000B,13,n,14,1.1,Barb&Dan,2002-09-20,"smaller seedlings, 2nd cohort? ",,2000-09-15,2.01
acthel,seed,2000B,14,n,37,1.7,Barb&Dan,2002-09-20,"smaller seedlings, 2nd cohort? ",,2000-09-15,2.01
acthel,seed,2000B,15,n,12,0.8,Barb&Dan,2002-09-20,"smaller seedlings, 2nd cohort? ",,2000-09-15,2.01
acthel,seed,2000B,16,n,35,1.1,Barb&Dan,2002-09-20,"smaller seedlings, 2nd cohort? ",,2000-09-15,2.01
acthel,seed,2000b,1,y,120,5,Dan,2003-03-14,,y,2000-09-15,2.49
acthel,seed,2000b,2,y,164,7.5,Dan,2003-03-14,,y,2000-09-15,2.49
acthel,seed,2000b,3,y,170,9.9,Dan,2003-03-14,,y,2000-09-15,2.49
acthel,seed,2000b,4,y,123,8.1,Dan,2003-03-14,,y,2000-09-15,2.49
aoteri,resp,2000B,1,y,180,7.1,Barb&Dan,2002-09-20,,,2000-09-15,2.01
aoteri,resp,2000B,2,y,141,5.2,Barb&Dan,2002-09-20,,,2000-09-15,2.01
aoteri,resp,2000B,3,y,141,5,Barb&Dan,2002-09-20,,,2000-09-15,2.01
aoteri,resp,2000B,4,y,102,6,Barb&Dan,2002-09-20,,,2000-09-15,2.01
aoteri,resp,2000B,5,y,123,7.4,Barb&Dan,2002-09-20,,,2000-09-15,2.01
banser,seed,2000B,1,n,23,4.4,Barb&Dan,2002-09-20,,,2000-09-15,2.01
banser,seed,2000B,2,n,10,2.9,Barb&Dan,2002-09-20,,,2000-09-15,2.01
banser,seed,2000B,3,n,3.5,3.4,Barb&Dan,2002-09-20,,,2000-09-15,2.01
banser,seed,2000B,4,n,7,2.4,Barb&Dan,2002-09-20,,,2000-09-15,2.01
banser,seed,2000B,5,n,5,2.7,Barb&Dan,2002-09-20,,,2000-09-15,2.01
dilret,seed,2000B,1,y,86,3.7,Barb&Dan,2002-09-20,,,2000-09-15,2.01
dilret,seed,2000B,2,y,63,2.1,Barb&Dan,2002-09-20,,,2000-09-15,2.01
dilret,seed,2000B,3,y,63,3,Barb&Dan,2002-09-20,,,2000-09-15,2.01
dilret,seed,2000B,4,y,84,2.6,Barb&Dan,2002-09-20,,,2000-09-15,2.01
dilret,seed,2000B,5,y,53,1.7,Barb&Dan,2002-09-20,,,2000-09-15,2.01
epapul,resp,2000B,1,y,123,4,Barb&Dan,2002-09-20,,,2000-09-15,2.01
epapul,resp,2000B,2,y,126,4.7,Barb&Dan,2002-09-20,,,2000-09-15,2.01
epapul,resp,2000B,3,y,110,4.4,Barb&Dan,2002-09-20,,,2000-09-15,2.01
epapul,resp,2000B,4,y,105,4.6,Barb&Dan,2002-09-20,,,2000-09-15,2.01
epapul,resp,2000B,5,y,73,2,Barb&Dan,2002-09-20,,,2000-09-15,2.01
gomvir,seed,2000B,1,y,82,6,Barb&Dan,2002-09-20,,,2000-09-15,2.01
gomvir,seed,2000B,2,y,68,5.9,Barb&Dan,2002-09-20,,,2000-09-15,2.01
gomvir,seed,2000B,3,y,79,4.5,Barb&Dan,2002-09-20,,,2000-09-15,2.01
gomvir,seed,2000B,4,y,59,8.2,Barb&Dan,2002-09-20,,,2000-09-15,2.01
gomvir,seed,2000B,5,y,65,3.1,Barb&Dan,2002-09-20,,,2000-09-15,2.01
gonteu,resp,2000B,1,?,53,2.6,Barb&Dan,2002-09-20,,,2000-09-15,2.01
gonteu,resp,2000B,2,?,56,2,Barb&Dan,2002-09-20,,,2000-09-15,2.01
gonteu,resp,2000B,3,?,49,1.7,Barb&Dan,2002-09-20,,,2000-09-15,2.01
gonteu,resp,2000B,4,?,55,3,Barb&Dan,2002-09-20,,,2000-09-15,2.01
gonteu,resp,2000B,5,?,50,2.4,Barb&Dan,2002-09-20,,,2000-09-15,2.01
leulan,resp,2000B,1,n,97,5,Barb&Dan,2002-09-20,,,2000-09-15,2.01
leulan,resp,2000B,2,n,102,10.6,Barb&Dan,2002-09-20,,,2000-09-15,2.01
leulan,resp,2000B,3,n,113,5.8,Barb&Dan,2002-09-20,,,2000-09-15,2.01
leulan,resp,2000B,4,n,127,9,Barb&Dan,2002-09-20,,,2000-09-15,2.01
leulan,resp,2000B,5,n,92,5.5,Barb&Dan,2002-09-20,,,2000-09-15,2.01
perlev,seed,2000B,1,n,72,8.1,Barb&Dan,2002-09-20,,,2000-09-15,2.01
perlev,seed,2000B,2,n,12,2.1,Barb&Dan,2002-09-20,,,2000-09-15,2.01
perlev,seed,2000B,3,n,5,1.6,Barb&Dan,2002-09-20,,,2000-09-15,2.01
perlev,seed,2000B,4,n,12,2.4,Barb&Dan,2002-09-20,,,2000-09-15,2.01
perlev,resp,2000B,1,n,162,12.7,Barb&Dan,2002-09-20,,,2000-09-15,2.01
perlev,resp,2000B,2,n,120,17,Barb&Dan,2002-09-20,,,2000-09-15,2.01
perlev,resp,2000B,3,n,170,17.4,Barb&Dan,2002-09-20,,,2000-09-15,2.01
perlev,resp,2000B,4,n,98,9,Barb&Dan,2002-09-20,,,2000-09-15,2.01
perlev,resp,2000B,5,n,125,14.5,Barb&Dan,2002-09-20,,,2000-09-15,2.01
pimlin,seed,2000B,1,y,59,2.8,Barb&Dan,2002-09-20,,,2000-09-15,2.01
pimlin,seed,2000B,2,y,123,3.9,Barb&Dan,2002-09-20,,,2000-09-15,2.01
pimlin,seed,2000B,3,y,116,3.8,Barb&Dan,2002-09-20,,,2000-09-15,2.01
pimlin,seed,2000B,4,y,97,3.6,Barb&Dan,2002-09-20,,,2000-09-15,2.01
pimlin,seed,2000B,5,y,126,4.7,Barb&Dan,2002-09-20,,,2000-09-15,2.01
pimlin,seed,2000B,6,y,140,8,Barb&Dan,2002-09-20,,,2000-09-15,2.01
pimlin,seed,2000b,1,y,158,8,Dan,2003-03-14,,y,2000-09-15,2.49
pimlin,seed,2000b,2,y,136,5.3,Dan,2003-03-14,,y,2000-09-15,2.49
pimlin,seed,2000b,3,y,135,6.3,Dan,2003-03-14,,y,2000-09-15,2.49
pimlin,seed,2000b,4,y,128,4.1,Dan,2003-03-14,,y,2000-09-15,2.49
platyA,seed,2000B,1,y,21,1.5,Barb&Dan,2002-09-20,,,2000-09-15,2.01
platyA,seed,2000B,2,y,20,1,Barb&Dan,2002-09-20,,,2000-09-15,2.01
platyA,seed,2000B,3,y,24,1.5,Barb&Dan,2002-09-20,,,2000-09-15,2.01
platyA,seed,2000B,4,y,19,1.5,Barb&Dan,2002-09-20,,,2000-09-15,2.01
platyA,seed,2000B,5,y,17,1.4,Barb&Dan,2002-09-20,,,2000-09-15,2.01
platyA,seed,2000b,1,y,29,1.7,Dan,2003-03-14,,y,2000-09-15,2.49
platyA,seed,2000b,2,y,23,1.3,Dan,2003-03-14,,y,2000-09-15,2.49
platyA,seed,2000b,3,y,26,1.3,Dan,2003-03-14,,y,2000-09-15,2.49
platyA,seed,2000b,4,y,18,1.4,Dan,2003-03-14,,y,2000-09-15,2.49
ricpin,resp,2000B,1,y,67,3.7,Barb&Dan,2002-09-20,,,2000-09-15,2.01
ricpin,resp,2000B,2,y,50,3.6,Barb&Dan,2002-09-20,,,2000-09-15,2.01
ricpin,resp,2000B,3,y,56,3.7,Barb&Dan,2002-09-20,,,2000-09-15,2.01
ricpin,resp,2000B,4,y,75,8.7,Barb&Dan,2002-09-20,,,2000-09-15,2.01
ricpin,resp,2000B,5,y,62,5,Barb&Dan,2002-09-20,,,2000-09-15,2.01
tetthy,resp,2000B,1,y,29,1.4,Barb&Dan,2002-09-20,,,2000-09-15,2.01
tetthy,resp,2000B,2,y,56,3.4,Barb&Dan,2002-09-20,,,2000-09-15,2.01
tetthy,resp,2000B,3,y,54,2.4,Barb&Dan,2002-09-20,,,2000-09-15,2.01
tetthy,resp,2000B,4,y,42,1.5,Barb&Dan,2002-09-20,,,2000-09-15,2.01
tetthy,resp,2000B,5,y,45,2.1,Barb&Dan,2002-09-20,,,2000-09-15,2.01
pomumb,seed,2000a,1,y,19,1.55,Dan,2003-03-14,,y,2000-09-15,2.49
pomumb,seed,2000a,2,y,21,1.5,Dan,2003-03-14,,y,2000-09-15,2.49
pomumb,seed,2000a,3,y,20,1.75,Dan,2003-03-14,,y,2000-09-15,2.49
pomumb,seed,2000a,4,y,28,1.4,Dan,2003-03-14,,y,2000-09-15,2.49
acasop,seed,1998a,1,y,240,12.5,Dan&AnnaMaria,2002-03-10,,,1998-01-15,4.15
acasop,seed,1998a,2,y,210,11.5,Dan&AnnaMaria,2002-03-10,,,1998-01-15,4.15
acasop,seed,1998a,3,y,184,19.1,Dan&AnnaMaria,2002-03-10,,,1998-01-15,4.15
acasop,seed,1998a,4,y,262,14,Dan&AnnaMaria,2002-03-10,,,1998-01-15,4.15
acasop,seed,1998a,5,y,240,13,Dan&AnnaMaria,2002-03-10,,,1998-01-15,4.15
acasua,seed,1998a,1,n,110,6.8,Barb&Dan,2002-09-20,,,1998-01-15,4.68
acasua,seed,1998a,1,y,130,5,Dan&AnnaMaria,2002-03-10,,,1998-01-15,4.15
acasua,seed,1998a,2,y,125,4.8,Dan&AnnaMaria,2002-03-10,,,1998-01-15,4.15
acasua,seed,1998a,3,y,201,7.8,Dan&AnnaMaria,2002-03-10,,,1998-01-15,4.15
acasua,seed,1998a,4,y,245,12,Dan&AnnaMaria,2002-03-10,,,1998-01-15,4.15
acasua,seed,1998a,5,y,157,9.4,Dan&AnnaMaria,2002-03-10,,,1998-01-15,4.15
acauli,seed,1998a,1,y,175,17.4,Barb&Dan,2002-09-20,,,1998-01-15,4.68
acauli,seed,1998a,2,y,178,12.2,Barb&Dan,2002-09-20,,,1998-01-15,4.68
acauli,seed,1998a,3,y,168,10,Barb&Dan,2002-09-20,,,1998-01-15,4.68
acauli,seed,1998a,4,y,205,15.5,Barb&Dan,2002-09-20,,,1998-01-15,4.68
acauli,seed,1998a,5,y,165,8.9,Barb&Dan,2002-09-20,,,1998-01-15,4.68
acauli,seed,1998a,1,y,228,22.5,Dan&AnnaMaria,2002-03-10,,,1998-01-15,4.15
acauli,seed,1998a,2,y,229,23.5,Dan&AnnaMaria,2002-03-10,,,1998-01-15,4.15
acauli,seed,1998a,3,y,187,15.5,Dan&AnnaMaria,2002-03-10,,,1998-01-15,4.15
acauli,seed,1998a,4,y,228,18,Dan&AnnaMaria,2002-03-10,,,1998-01-15,4.15
acauli,seed,1998a,5,y,285,20,Dan&AnnaMaria,2002-03-10,,,1998-01-15,4.15
acauli,seed,1998a,1,y,260,21.7,Dan,2003-03-14,,y,1998-01-15,5.16
acauli,seed,1998a,2,y,241,33.8,Dan,2003-03-14,,y,1998-01-15,5.16
acauli,seed,1998a,3,y,225,14.5,Dan,2003-03-14,,y,1998-01-15,5.16
acauli,seed,1998a,4,y,190,,Dan,2003-03-14,,y,1998-01-15,5.16
acthel,seed,1998a,1,y,138,4.9,Barb&Dan,2002-09-20,"surviving in a large gap, large old indivd, fallen over and sprouted up again",,1998-01-15,4.68
acthel,seed,1998a,2,y,140,5.3,Barb&Dan,2002-09-20,"surviving in a large gap, large old indivd, fallen over and sprouted up again",,1998-01-15,4.68
acthel,seed,1998a,3,y,123,3.3,Barb&Dan,2002-09-20,"surviving in a large gap, large old indivd, fallen over and sprouted up again",,1998-01-15,4.68
acthel,seed,1998a,4,y,120,4.4,Barb&Dan,2002-09-20,"surviving in a large gap, large old indivd, fallen over and sprouted up again",,1998-01-15,4.68
acthel,seed,1998a,5,y,165,9.5,Barb&Dan,2002-09-20,"surviving in a large gap, large old indivd, fallen over and sprouted up again",,1998-01-15,4.68
banser,seed,1998a,1,n,135,9.1,Barb&Dan,2002-09-20,,,1998-01-15,4.68
banser,seed,1998a,2,n,95,7.8,Barb&Dan,2002-09-20,,,1998-01-15,4.68
banser,seed,1998a,3,n,43,3.6,Barb&Dan,2002-09-20,,,1998-01-15,4.68
banser,seed,1998a,4,n,18,2.6,Barb&Dan,2002-09-20,,,1998-01-15,4.68
banser,seed,1998a,5,n,38,3.4,Barb&Dan,2002-09-20,,,1998-01-15,4.68
banser,seed,1998a,6,n,140,8.2,Barb&Dan,2002-09-20,,,1998-01-15,4.68
banser,seed,1998a,2,n,56,2.7,Barb&Dan,2002-09-20,,,1998-01-15,4.68
banser,seed,1998a,3,n,78,3.4,Barb&Dan,2002-09-20,,,1998-01-15,4.68
banser,seed,1998a,4,n,49,2.3,Barb&Dan,2002-09-20,,,1998-01-15,4.68
banser,seed,1998a,5,n,77,2.5,Barb&Dan,2002-09-20,,,1998-01-15,4.68
banser,resp,1998a,1,n,205,18.2,Dan&AnnaMaria,2002-03-10,,,1998-01-15,4.15
banser,resp,1998a,2,n,390,29.2,Dan&AnnaMaria,2002-03-10,,,1998-01-15,4.15
banser,resp,1998a,3,n,270,30,Dan&AnnaMaria,2002-03-10,,,1998-01-15,4.15
banser,resp,1998a,4,n,290,26,Dan&AnnaMaria,2002-03-10,,,1998-01-15,4.15
banser,resp,1998a,5,n,360,32.3,Dan&AnnaMaria,2002-03-10,,,1998-01-15,4.15
banser,seed,1998a,1,n,56,5.7,Dan&AnnaMaria,2002-03-10,,,1998-01-15,4.15
banser,seed,1998a,2,n,52,5.3,Dan&AnnaMaria,2002-03-10,,,1998-01-15,4.15
banser,seed,1998a,3,n,51,4.8,Dan&AnnaMaria,2002-03-10,,,1998-01-15,4.15
banser,seed,1998a,4,n,71,4.2,Dan&AnnaMaria,2002-03-10,,,1998-01-15,4.15
banser,seed,1998a,5,n,61,4.2,Dan&AnnaMaria,2002-03-10,,,1998-01-15,4.15
corref,resp,1998a,1,n,53,3.5,Dan&AnnaMaria,2002-03-10,,,1998-01-15,4.15
corref,resp,1998a,2,y,88,4.4,Dan&AnnaMaria,2002-03-10,,,1998-01-15,4.15
corref,resp,1998a,3,y,81,3.8,Dan&AnnaMaria,2002-03-10,,,1998-01-15,4.15
corref,resp,1998a,4,y,66,4,Dan&AnnaMaria,2002-03-10,,,1998-01-15,4.15
corref,resp,1998a,5,y,102,5.6,Dan&AnnaMaria,2002-03-10,,,1998-01-15,4.15
dilret,seed,1998a,1,y,140,9.5,Barb&Dan,2002-09-20,,,1998-01-15,4.68
dilret,seed,1998a,2,y,185,13,Barb&Dan,2002-09-20,,,1998-01-15,4.68
dilret,seed,1998a,3,y,165,8.1,Barb&Dan,2002-09-20,,,1998-01-15,4.68
dilret,seed,1998a,4,y,175,7.2,Barb&Dan,2002-09-20,,,1998-01-15,4.68
dilret,seed,1998a,5,y,143,6.6,Barb&Dan,2002-09-20,,,1998-01-15,4.68
dilret,seed,1998a,1,y,152,13.7,Dan&AnnaMaria,2002-03-10,,,1998-01-15,4.15
dilret,seed,1998a,2,y,195,17.5,Dan&AnnaMaria,2002-03-10,,,1998-01-15,4.15
dilret,seed,1998a,3,y,177,8.6,Dan&AnnaMaria,2002-03-10,,,1998-01-15,4.15
dilret,seed,1998a,4,y,175,10.2,Dan&AnnaMaria,2002-03-10,,,1998-01-15,4.15
dilret,seed,1998a,5,y,153,10.8,Dan&AnnaMaria,2002-03-10,,,1998-01-15,4.15
dilret,seed,1998a,1,y,226,15.5,Dan,2003-03-14,,y,1998-01-15,5.16
dilret,seed,1998a,2,y,182,9,Dan,2003-03-14,,y,1998-01-15,5.16
dilret,seed,1998a,3,y,172,10.05,Dan,2003-03-14,,y,1998-01-15,5.16
gomlat,seed,1998a,1,y,206,13.5,Barb&Dan,2002-09-20,,,1998-01-15,4.68
gomlat,seed,1998a,2,y,203,13.5,Barb&Dan,2002-09-20,,,1998-01-15,4.68
gomlat,seed,1998a,3,y,195,14.3,Barb&Dan,2002-09-20,,,1998-01-15,4.68
gomlat,seed,1998a,4,y,188,11.3,Barb&Dan,2002-09-20,,,1998-01-15,4.68
gomlat,seed,1998a,5,y,173,10.7,Barb&Dan,2002-09-20,,,1998-01-15,4.68
gomlat,seed,1998a,1,y,185,16.5,Dan&AnnaMaria,2002-03-10,,,1998-01-15,4.15
gomlat,seed,1998a,2,y,215,16.1,Dan&AnnaMaria,2002-03-10,,,1998-01-15,4.15
gomlat,seed,1998a,3,y,220,13,Dan&AnnaMaria,2002-03-10,,,1998-01-15,4.15
gomlat,seed,1998a,4,y,220,14.1,Dan&AnnaMaria,2002-03-10,,,1998-01-15,4.15
gomlat,seed,1998a,5,y,275,18.8,Dan&AnnaMaria,2002-03-10,,,1998-01-15,4.15
gomlat,seed,1998a,1,y,290,22.287,Dan,2003-03-14,,y,1998-01-15,5.16
gomlat,seed,1998a,2,y,195,11.8,Dan,2003-03-14,,y,1998-01-15,5.16
gomlat,seed,1998a,3,y,201,12.73,Dan,2003-03-14,,y,1998-01-15,5.16
gomlat,seed,1998a,4,y,220,,Dan,2003-03-14,,y,1998-01-15,5.16
gonteu,resp,1998a,1,n,47,1.5,Dan&AnnaMaria,2002-03-10,,,1998-01-15,4.15
gonteu,resp,1998a,2,n,56,2.1,Dan&AnnaMaria,2002-03-10,,,1998-01-15,4.15
gonteu,resp,1998a,3,n,50,1.3,Dan&AnnaMaria,2002-03-10,,,1998-01-15,4.15
gonteu,resp,1998a,4,n,33,1.5,Dan&AnnaMaria,2002-03-10,,,1998-01-15,4.15
gonteu,resp,1998a,5,n,69,2.7,Dan&AnnaMaria,2002-03-10,,,1998-01-15,4.15
leueri,resp,1998a,1,y,114,8,Barb&Dan,2002-09-20,,,1998-01-15,4.68
leueri,resp,1998a,2,y,137,5.9,Barb&Dan,2002-09-20,,,1998-01-15,4.68
leueri,resp,1998a,3,y,174,10,Barb&Dan,2002-09-20,,,1998-01-15,4.68
leueri,resp,1998a,4,y,120,6.1,Barb&Dan,2002-09-20,,,1998-01-15,4.68
leueri,resp,1998a,5,y,120,5.2,Barb&Dan,2002-09-20,,,1998-01-15,4.68
leulan,resp,1998a,1,y,173,9.4,Barb&Dan,2002-09-20,,,1998-01-15,4.68
leulan,resp,1998a,2,y,173,12.7,Barb&Dan,2002-09-20,,,1998-01-15,4.68
leulan,resp,1998a,3,y,183,10.8,Barb&Dan,2002-09-20,,,1998-01-15,4.68
leulan,resp,1998a,4,y,185,10.5,Barb&Dan,2002-09-20,,,1998-01-15,4.68
leulan,resp,1998a,5,y,115,13.1,Barb&Dan,2002-09-20,,,1998-01-15,4.68
leulan,resp,1998a,1,y,121,6.7,Dan&AnnaMaria,2002-03-10,,,1998-01-15,4.15
leulan,resp,1998a,2,y,150,9.6,Dan&AnnaMaria,2002-03-10,,,1998-01-15,4.15
leulan,resp,1998a,3,y,115,9.1,Dan&AnnaMaria,2002-03-10,,,1998-01-15,4.15
leulan,resp,1998a,4,y,157,9.1,Dan&AnnaMaria,2002-03-10,,,1998-01-15,4.15
leulan,resp,1998a,5,y,156,10.9,Dan&AnnaMaria,2002-03-10,,,1998-01-15,4.15
leulan,seed,1998a,1,n,15,0.7,Dan&AnnaMaria,2002-03-10,,,1998-01-15,4.15
leulan,seed,1998a,2,n,27,1,Dan&AnnaMaria,2002-03-10,,,1998-01-15,4.15
leulan,seed,1998a,3,n,21,1.2,Dan&AnnaMaria,2002-03-10,,,1998-01-15,4.15
leulan,seed,1998a,4,n,16,0.9,Dan&AnnaMaria,2002-03-10,,,1998-01-15,4.15
monell,seed,1998a,1,n,55,5.1,Barb&Dan,2002-09-20,,,1998-01-15,4.68
monell,seed,1998a,2,n,34,3.2,Barb&Dan,2002-09-20,,,1998-01-15,4.68
monell,seed,1998a,3,n,76,5.9,Barb&Dan,2002-09-20,,,1998-01-15,4.68
monell,seed,1998a,4,n,36,2.7,Barb&Dan,2002-09-20,,,1998-01-15,4.68
monell,seed,1998a,5,n,41,2.9,Barb&Dan,2002-09-20,,,1998-01-15,4.68
monell,seed,1998a,6,n,78,9.3,Barb&Dan,2002-09-20,,,1998-01-15,4.68
monell,seed,1998a,1,n,72,5.3,Dan&AnnaMaria,2002-03-10,,,1998-01-15,4.15
monell,seed,1998a,2,n,100,6.7,Dan&AnnaMaria,2002-03-10,,,1998-01-15,4.15
monell,seed,1998a,3,n,39,3.8,Dan&AnnaMaria,2002-03-10,,,1998-01-15,4.15
monell,seed,1998a,4,n,35,3.7,Dan&AnnaMaria,2002-03-10,,,1998-01-15,4.15
monell,seed,1998a,5,n,32,2.8,Dan&AnnaMaria,2002-03-10,,,1998-01-15,4.15
monell,seed,1998a,6,n,46,3.8,Dan&AnnaMaria,2002-03-10,,,1998-01-15,4.15
oxyili,resp,1998a,1,y,185,12.7,Dan&AnnaMaria,2002-03-10,,,1998-01-15,4.15
oxyili,resp,1998a,2,y,270,14,Dan&AnnaMaria,2002-03-10,,,1998-01-15,4.15
oxyili,resp,1998a,3,y,194,13.5,Dan&AnnaMaria,2002-03-10,,,1998-01-15,4.15
oxyili,resp,1998a,4,y,236,12.5,Dan&AnnaMaria,2002-03-10,,,1998-01-15,4.15
oxyili,resp,1998a,5,y,184,8.6,Dan&AnnaMaria,2002-03-10,,,1998-01-15,4.15
perlev,resp,1998a,1,n,55,4,Dan&AnnaMaria,2002-03-10,,,1998-01-15,4.15
pomumb,seed,1998a,1,y,18,1.3,Dan&AnnaMaria,2002-03-10,,,1998-01-15,4.15
pomumb,seed,1998a,2,n,8,0.6,Dan&AnnaMaria,2002-03-10,,,1998-01-15,4.15
pomumb,seed,1998a,3,y,15,0.8,Dan&AnnaMaria,2002-03-10,,,1998-01-15,4.15
pomumb,seed,1998a,4,y,14,1,Dan&AnnaMaria,2002-03-10,,,1998-01-15,4.15
pomumb,seed,1998a,5,y,23,1.5,Dan&AnnaMaria,2002-03-10,,,1998-01-15,4.15
ricpin,resp,1998a,1,y,118,8.8,Barb&Dan,2002-09-20,surviving in a large gap,,1998-01-15,4.68
ricpin,resp,1998a,2,y,130,10.6,Barb&Dan,2002-09-20,surviving in a large gap,,1998-01-15,4.68
tetthy,resp,1998a,1,y,36,1.1,Barb&Dan,2002-09-20,,,1998-01-15,4.68
tetthy,resp,1998a,2,y,46,1.1,Barb&Dan,2002-09-20,,,1998-01-15,4.68
tetthy,resp,1998a,3,y,83,2.2,Barb&Dan,2002-09-20,,,1998-01-15,4.68
tetthy,resp,1998a,4,y,56,1.7,Barb&Dan,2002-09-20,,,1998-01-15,4.68
tetthy,resp,1998a,5,y,61,1.7,Barb&Dan,2002-09-20,,,1998-01-15,4.68
tetthy,resp,1998a,1,y,51,1.7,Dan&AnnaMaria,2002-03-10,,,1998-01-15,4.15
acasop,seed,1994b,1,y,420,69.5,Dan&AnnaMaria,2003-03-12,,,1994-01-15,9.16
acasop,seed,1994b,2,y,315,34.8,Dan&AnnaMaria,2003-03-12,,,1994-01-15,9.16
acasop,seed,1994b,3,y,328,46.2,Dan&AnnaMaria,2003-03-12,,,1994-01-15,9.16
acasop,seed,1994b,4,y,330,28.5,Dan&AnnaMaria,2003-03-12,,,1994-01-15,9.16
acasop,seed,1994b,5,y,295,24.7,Dan&AnnaMaria,2003-03-12,,,1994-01-15,9.16
acasua,seed,1994b,1,y,115,7,Dan&AnnaMaria,2003-03-12,,,1994-01-15,9.16
acasua,seed,1994b,2,y,130,6.8,Dan&AnnaMaria,2003-03-12,,,1994-01-15,9.16
acasua,seed,1994b,3,y,151,9,Dan&AnnaMaria,2003-03-12,,,1994-01-15,9.16
acasua,seed,1994b,4,y,157,7.7,Dan&AnnaMaria,2003-03-12,,,1994-01-15,9.16
acasua,seed,1994b,5,y,174,7.5,Dan&AnnaMaria,2003-03-12,,,1994-01-15,9.16
acasua,seed,1994b,6,y,205,8.1,Dan&AnnaMaria,2003-03-12,,,1994-01-15,9.16
acauli,seed,1994b,1,y,251,16.3,Dan&AnnaMaria,2003-03-12,,,1994-01-15,9.16
acauli,seed,1994b,2,y,310,22.4,Dan&AnnaMaria,2003-03-12,,,1994-01-15,9.16
acauli,seed,1994b,3,y,260,16.5,Dan&AnnaMaria,2003-03-12,,,1994-01-15,9.16
acauli,seed,1994b,4,y,280,17.3,Dan&AnnaMaria,2003-03-12,,,1994-01-15,9.16
acauli,seed,1994b,5,y,268,19,Dan&AnnaMaria,2003-03-12,,,1994-01-15,9.16
acauli,seed,1994b,1,y,216,15.1,Dan&AnnaMaria,2003-03-12,,,1994-01-15,9.16
angcos,seed,1994b,1,n,94,5,Dan&AnnaMaria,2003-03-12,,,1994-01-15,9.16
banser,seed,1994b,1,n,144,10.2,Dan&AnnaMaria,2003-03-12,,,1994-01-15,9.16
banser,seed,1994b,2,n,130,14.5,Dan&AnnaMaria,2003-03-12,,,1994-01-15,9.16
banser,seed,1994b,3,n,172,18.4,Dan&AnnaMaria,2003-03-12,,,1994-01-15,9.16
banser,seed,1994b,4,n,145,10.2,Dan&AnnaMaria,2003-03-12,,,1994-01-15,9.16
banser,seed,1994b,5,n,125,8.6,Dan&AnnaMaria,2003-03-12,,,1994-01-15,9.16
corref,resp,1994b,1,y,134,13,Dan&AnnaMaria,2003-03-12,,,1994-01-15,9.16
corref,resp,1994b,2,y,108,12.8,Dan&AnnaMaria,2003-03-12,,,1994-01-15,9.16
corref,resp,1994b,3,y,148,6.3,Dan&AnnaMaria,2003-03-12,,,1994-01-15,9.16
corref,resp,1994b,4,y,124,8.9,Dan&AnnaMaria,2003-03-12,,,1994-01-15,9.16
corref,resp,1994b,5,y,105,10.3,Dan&AnnaMaria,2003-03-12,,,1994-01-15,9.16
dilret,seed,1994b,2,y,253,16.4,Dan&AnnaMaria,2003-03-12,,,1994-01-15,9.16
dilret,seed,1994b,3,y,202,15.4,Dan&AnnaMaria,2003-03-12,,,1994-01-15,9.16
dilret,seed,1994b,4,y,183,14.2,Dan&AnnaMaria,2003-03-12,,,1994-01-15,9.16
dilret,seed,1994b,5,y,173,8.8,Dan&AnnaMaria,2003-03-12,,,1994-01-15,9.16
epapul,resp,1994b,1,y,143,6.8,Dan&AnnaMaria,2003-03-12,,,1994-01-15,9.16
epapul,resp,1994b,2,y,145,12,Dan&AnnaMaria,2003-03-12,,,1994-01-15,9.16
epapul,resp,1994b,3,y,160,11.5,Dan&AnnaMaria,2003-03-12,,,1994-01-15,9.16
epapul,resp,1994b,4,y,248,13.5,Dan&AnnaMaria,2003-03-12,,,1994-01-15,9.16
epapul,resp,1994b,5,y,162,4,Dan&AnnaMaria,2003-03-12,,,1994-01-15,9.16
eriaus,?,1994b,1,y,145,6.2,Dan&AnnaMaria,2003-03-12,,,1994-01-15,9.16
eriaus,?,1994b,2,y,114,6.8,Dan&AnnaMaria,2003-03-12,,,1994-01-15,9.16
eriaus,?,1994b,3,y,241,13,Dan&AnnaMaria,2003-03-12,,,1994-01-15,9.16
eriaus,?,1994b,4,y,144,7.3,Dan&AnnaMaria,2003-03-12,,,1994-01-15,9.16
eriaus,?,1994b,5,y,175,8.2,Dan&AnnaMaria,2003-03-12,,,1994-01-15,9.16
euc2,seed,1994b,1,n,87,4,Dan&AnnaMaria,2003-03-12,,,1994-01-15,9.16
gonteu,seed,1994b,1,n,47,2.3,Dan&AnnaMaria,2003-03-12,,,1994-01-15,9.16
gonteu,seed,1994b,2,n,62,2.2,Dan&AnnaMaria,2003-03-12,,,1994-01-15,9.16
gonteu,seed,1994b,3,n,62,1.5,Dan&AnnaMaria,2003-03-12,,,1994-01-15,9.16
gonteu,seed,1994b,4,n,51,2.2,Dan&AnnaMaria,2003-03-12,,,1994-01-15,9.16
gonteu,seed,1994b,5,n,49,1.9,Dan&AnnaMaria,2003-03-12,,,1994-01-15,9.16
leueri?,resp,1994b,1,y,148,8.3,Dan&AnnaMaria,2003-03-12,,,1994-01-15,9.16
leueri?,resp,1994b,2,y,127,9.8,Dan&AnnaMaria,2003-03-12,,,1994-01-15,9.16
leueri?,resp,1994b,3,y,152,11.8,Dan&AnnaMaria,2003-03-12,,,1994-01-15,9.16
leueri?,resp,1994b,4,y,178,20,Dan&AnnaMaria,2003-03-12,,,1994-01-15,9.16
leulan,resp,1994b,1,y,275,26.8,Dan&AnnaMaria,2003-03-12,,,1994-01-15,9.16
leulan,resp,1994b,2,y,283,27.8,Dan&AnnaMaria,2003-03-12,,,1994-01-15,9.16
leulan,resp,1994b,3,y,262,23.1,Dan&AnnaMaria,2003-03-12,,,1994-01-15,9.16
leulan,resp,1994b,4,y,252,16.8,Dan&AnnaMaria,2003-03-12,,,1994-01-15,9.16
leulan,resp,1994b,5,y,273,17.6,Dan&AnnaMaria,2003-03-12,,,1994-01-15,9.16
monell,seed,1994b,1,y,285,33,Dan&AnnaMaria,2003-03-12,,,1994-01-15,9.16
monell,seed,1994b,2,y,277,33.1,Dan&AnnaMaria,2003-03-12,,,1994-01-15,9.16
monell,seed,1994b,3,y,305,38.2,Dan&AnnaMaria,2003-03-12,,,1994-01-15,9.16
monell,seed,1994b,4,y,315,32,Dan&AnnaMaria,2003-03-12,,,1994-01-15,9.16
monell,seed,1994b,5,y,282,26.4,Dan&AnnaMaria,2003-03-12,,,1994-01-15,9.16
perlan,resp,1994b,1,y,202,23.6,Dan&AnnaMaria,2003-03-12,,,1994-01-15,9.16
perlan,resp,1994b,2,y,195,19.2,Dan&AnnaMaria,2003-03-12,,,1994-01-15,9.16
perlan,resp,1994b,3,y,224,13.4,Dan&AnnaMaria,2003-03-12,,,1994-01-15,9.16
perlan,resp,1994b,4,y,249,14.1,Dan&AnnaMaria,2003-03-12,,,1994-01-15,9.16
perlan,resp,1994b,5,y,167,17.7,Dan&AnnaMaria,2003-03-12,,,1994-01-15,9.16
pimlin,seed,1994b,1,n,158,7.2,Dan&AnnaMaria,2003-03-12,,,1994-01-15,9.16
pomumb,seed,1994b,1,y,10,0.4,Dan&AnnaMaria,2003-03-12,,,1994-01-15,9.16
pomumb,seed,1994b,2,y,12,1,Dan&AnnaMaria,2003-03-12,,,1994-01-15,9.16
pomumb,seed,1994b,3,y,13,0.7,Dan&AnnaMaria,2003-03-12,,,1994-01-15,9.16
pomumb,seed,1994b,4,y,22,0.7,Dan&AnnaMaria,2003-03-12,,,1994-01-15,9.16
pomumb,seed,1994b,5,y,19,0.6,Dan&AnnaMaria,2003-03-12,,,1994-01-15,9.16
ricpin,resp,1994b,1,y,72,6.4,Dan&AnnaMaria,2003-03-12,,,1994-01-15,9.16
tetthy,resp,1994b,1,y,61,1.7,Dan&AnnaMaria,2003-03-12,,,1994-01-15,9.16
tetthy,resp,1994b,2,y,51,1,Dan&AnnaMaria,2003-03-12,,,1994-01-15,9.16
tetthy,resp,1994b,3,y,63,1.8,Dan&AnnaMaria,2003-03-12,,,1994-01-15,9.16
tetthy,resp,1994b,4,y,61,2,Dan&AnnaMaria,2003-03-12,,,1994-01-15,9.16
tetthy,resp,1994b,5,y,52,1.5,Dan&AnnaMaria,2003-03-12,,,1994-01-15,9.16
acauli,seed,1994a,1,y,175,9.8,Barb&Dan,2002-09-20,,,1994-01-15,8.68
acauli,seed,1994a,2,y,184,8.6,Barb&Dan,2002-09-20,,,1994-01-15,8.68
acauli,seed,1994a,3,y,251,14.5,Barb&Dan,2002-09-20,,,1994-01-15,8.68
acauli,seed,1994a,4,y,200,13.6,Barb&Dan,2002-09-20,,,1994-01-15,8.68
acauli,seed,1994a,5,y,188,12.8,Barb&Dan,2002-09-20,,,1994-01-15,8.68
banser,seed,1994A,1,,218,22.8,Barb&Dan,2002-09-20,,,1994-01-15,8.68
contax,seed,1994a,1,y,220,11,Barb&Dan,2002-09-20,bent over,,1994-01-15,8.68
dilret,seed,1994a,1,y,155,11.8,Barb&Dan,2002-09-20,,,1994-01-15,8.68
dilret,seed,1994a,2,y,180,11,Barb&Dan,2002-09-20,,,1994-01-15,8.68
dilret,seed,1994a,3,y,184,18.3,Barb&Dan,2002-09-20,,,1994-01-15,8.68
dilret,seed,1994a,4,y,168,9.8,Barb&Dan,2002-09-20,,,1994-01-15,8.68
dilret,seed,1994a,5,y,205,11.4,Barb&Dan,2002-09-20,,,1994-01-15,8.68
epapul,seed,1994a,1,y,120,7.5,Barb&Dan,2002-09-20,,,1994-01-15,8.68
epapul,seed,1994a,2,y,177,11.5,Barb&Dan,2002-09-20,,,1994-01-15,8.68
epapul,seed,1994a,3,y,122,4.4,Barb&Dan,2002-09-20,,,1994-01-15,8.68
leulan,resp,1994a,1,n,179,13.1,Barb&Dan,2002-09-20,,,1994-01-15,8.68
leulan,resp,1994a,2,n,198,17.8,Barb&Dan,2002-09-20,,,1994-01-15,8.68
leulan,resp,1994a,3,n,238,29.4,Barb&Dan,2002-09-20,,,1994-01-15,8.68
leulan,resp,1994a,4,n,192,11.7,Barb&Dan,2002-09-20,,,1994-01-15,8.68
leulan,resp,1994a,5,n,260,23.2,Barb&Dan,2002-09-20,,,1994-01-15,8.68
monell,seed,1994a,1,n,173,15,Barb&Dan,2002-09-20,,,1994-01-15,8.68
monell,seed,1994a,2,n,204,19,Barb&Dan,2002-09-20,,,1994-01-15,8.68
monell,seed,1994a,3,n,171,17.4,Barb&Dan,2002-09-20,,,1994-01-15,8.68
monell,seed,1994a,4,n,210,13.2,Barb&Dan,2002-09-20,,,1994-01-15,8.68
monell,seed,1994a,5,n,171,11.8,Barb&Dan,2002-09-20,,,1994-01-15,8.68
acasua,seed,1990a,1,y,182,5.3,Barb&Dan,2002-09-20,,,1990-11-15,11.85
acasua,seed,1990a,2,y,120,5,Barb&Dan,2002-09-20,,,1990-11-15,11.85
acasua,seed,1990a,3,y,116,5.6,Barb&Dan,2002-09-20,,,1990-11-15,11.85
acasua,seed,1990a,4,y,140,5.9,Barb&Dan,2002-09-20,,,1990-11-15,11.85
acasua,seed,1990a,5,y,155,6.6,Barb&Dan,2002-09-20,,,1990-11-15,11.85
acater,seed,1990a,1,y,195,11.9,Barb&Dan,2002-09-20,,,1990-11-15,11.85
acater,seed,1990a,2,y,235,10.5,Barb&Dan,2002-09-20,,,1990-11-15,11.85
acater,seed,1990a,3,y,235,13.5,Barb&Dan,2002-09-20,,,1990-11-15,11.85
acater,seed,1990a,4,y,215,10.8,Barb&Dan,2002-09-20,,,1990-11-15,11.85
acater,seed,1990a,5,y,268,14.1,Barb&Dan,2002-09-20,,,1990-11-15,11.85
acauli,seed,1990a,1,y,185,10.6,Barb&Dan,2002-09-20,,,1990-11-15,11.85
acauli,seed,1990a,2,y,238,14.2,Barb&Dan,2002-09-20,,,1990-11-15,11.85
acauli,seed,1990a,3,y,205,7.4,Barb&Dan,2002-09-20,,,1990-11-15,11.85
acauli,seed,1990a,4,y,275,16.9,Barb&Dan,2002-09-20,,,1990-11-15,11.85
acauli,seed,1990a,5,y,245,13.8,Barb&Dan,2002-09-20,,,1990-11-15,11.85
aoteri,resp,1990a,1,y,140,7.8,Barb&Dan,2002-09-20,,,1990-11-15,11.85
aoteri,resp,1990a,2,y,210,14.7,Barb&Dan,2002-09-20,,,1990-11-15,11.85
aoteri,resp,1990a,3,y,206,11,Barb&Dan,2002-09-20,,,1990-11-15,11.85
aoteri,resp,1990a,4,y,240,10.8,Barb&Dan,2002-09-20,,,1990-11-15,11.85
aoteri,resp,1990a,5,y,240,11.6,Barb&Dan,2002-09-20,,,1990-11-15,11.85
banser,seed,1990a,1,?,380,25,Barb&Dan,2002-09-20,,,1990-11-15,11.85
banser,seed,1990a,2,?,430,38.5,Barb&Dan,2002-09-20,,,1990-11-15,11.85
banser,seed,1990a,3,?,290,30,Barb&Dan,2002-09-20,,,1990-11-15,11.85
banser,seed,1990a,4,?,245,16.9,Barb&Dan,2002-09-20,,,1990-11-15,11.85
banser,seed,1990a,5,?,355,26.7,Barb&Dan,2002-09-20,,,1990-11-15,11.85
contax,resp,1990a,1,y,105,8.5,Barb&Dan,2002-09-20,,,1990-11-15,11.85
contax,resp,1990a,2,y,120,10.8,Barb&Dan,2002-09-20,,,1990-11-15,11.85
contax,resp,1990a,3,y,145,4.5,Barb&Dan,2002-09-20,,,1990-11-15,11.85
dilret,seed,1990a,1,y,165,11.7,Barb&Dan,2002-09-20,,,1990-11-15,11.85
dilret,seed,1990a,2,y,150,8.6,Barb&Dan,2002-09-20,,,1990-11-15,11.85
dilret,seed,1990a,3,y,208,8.8,Barb&Dan,2002-09-20,,,1990-11-15,11.85
dilret,seed,1990a,4,y,190,8.5,Barb&Dan,2002-09-20,,,1990-11-15,11.85
dilret,seed,1990a,5,y,178,10.8,Barb&Dan,2002-09-20,,,1990-11-15,11.85
epapul,resp,1990a,1,y,110,5.3,Barb&Dan,2002-09-20,,,1990-11-15,11.85
epapul,resp,1990a,2,y,140,7.6,Barb&Dan,2002-09-20,,,1990-11-15,11.85
epapul,resp,1990a,3,y,165,9.7,Barb&Dan,2002-09-20,,,1990-11-15,11.85
epapul,resp,1990a,4,y,178,9.4,Barb&Dan,2002-09-20,,,1990-11-15,11.85
epapul,resp,1990a,5,y,165,11,Barb&Dan,2002-09-20,,,1990-11-15,11.85
gonteu,resp,1990a,1,?,77,2.8,Barb&Dan,2002-09-20,,,1990-11-15,11.85
gonteu,resp,1990a,2,?,90,4.1,Barb&Dan,2002-09-20,,,1990-11-15,11.85
gonteu,resp,1990a,3,?,74,2.8,Barb&Dan,2002-09-20,,,1990-11-15,11.85
gonteu,resp,1990a,4,?,66,2,Barb&Dan,2002-09-20,,,1990-11-15,11.85
gonteu,resp,1990a,5,?,64,2.2,Barb&Dan,2002-09-20,,,1990-11-15,11.85
leueri,resp,1990a,1,y,193,12.8,Barb&Dan,2002-09-20,,,1990-11-15,11.85
leueri,resp,1990a,2,y,235,13.6,Barb&Dan,2002-09-20,,,1990-11-15,11.85
leueri,resp,1990a,3,y,195,13,Barb&Dan,2002-09-20,,,1990-11-15,11.85
leueri,resp,1990a,4,y,240,15.3,Barb&Dan,2002-09-20,,,1990-11-15,11.85
leueri,resp,1990a,5,y,228,14.5,Barb&Dan,2002-09-20,,,1990-11-15,11.85
leulan,resp,1990a,1,y,275,12.7,Barb&Dan,2002-09-20,,,1990-11-15,11.85
leulan,resp,1990a,2,y,280,25.5,Barb&Dan,2002-09-20,,,1990-11-15,11.85
leulan,resp,1990a,3,y,195,16,Barb&Dan,2002-09-20,,,1990-11-15,11.85
leulan,resp,1990a,4,y,185,11.8,Barb&Dan,2002-09-20,,,1990-11-15,11.85
leulan,resp,1990a,5,y,225,29.6,Barb&Dan,2002-09-20,,,1990-11-15,11.85
monell,resp,1990a,1,y,420,45.2,Barb&Dan,2002-09-20,,,1990-11-15,11.85
monell,resp,1990a,2,y,320,40,Barb&Dan,2002-09-20,,,1990-11-15,11.85
monell,resp,1990a,3,y,315,41.6,Barb&Dan,2002-09-20,,,1990-11-15,11.85
monell,resp,1990a,4,y,325,38.6,Barb&Dan,2002-09-20,,,1990-11-15,11.85
monell,resp,1990a,5,y,340,35.4,Barb&Dan,2002-09-20,,,1990-11-15,11.85
perlev,?,1990a,1,?,145,8.3,Barb&Dan,2002-09-20,,,1990-11-15,11.85
perlev,?,1990a,2,?,95,4.6,Barb&Dan,2002-09-20,,,1990-11-15,11.85
perlev,?,1990a,3,?,60,5.2,Barb&Dan,2002-09-20,,,1990-11-15,11.85
perlev,?,1990a,4,?,95,5.8,Barb&Dan,2002-09-20,,,1990-11-15,11.85
ricpin,resp,1990a,1,y,90,7.8,Barb&Dan,2002-09-20,,,1990-11-15,11.85
ricpin,resp,1990a,2,y,80,4.1,Barb&Dan,2002-09-20,,,1990-11-15,11.85
ricpin,resp,1990a,3,y,95,9.6,Barb&Dan,2002-09-20,,,1990-11-15,11.85
ricpin,resp,1990a,4,y,95,9.3,Barb&Dan,2002-09-20,,,1990-11-15,11.85
ricpin,resp,1990a,5,y,85,7,Barb&Dan,2002-09-20,,,1990-11-15,11.85
tetthy,resp,1990a,1,y,88,1.8,Barb&Dan,2002-09-20,,,1990-11-15,11.85
tetthy,resp,1990a,2,y,72,1.5,Barb&Dan,2002-09-20,,,1990-11-15,11.85
tetthy,resp,1990a,3,y,70,3,Barb&Dan,2002-09-20,,,1990-11-15,11.85
tetthy,resp,1990a,4,y,75,1.5,Barb&Dan,2002-09-20,,,1990-11-15,11.85
tetthy,resp,1990a,5,y,45,1.4,Barb&Dan,2002-09-20,,,1990-11-15,11.85
acasua,seed,1980a,5,y,170,5.7,Barb&Dan,2002-09-20,,,1980-08-15,22.11
acater,seed,1980a,1,y,220,15.6,Barb&Dan,2002-09-20,looks sick and old,,1980-08-15,22.11
acater,seed,1980a,2,y,135,5.1,Barb&Dan,2002-09-20,looks sick and old,,1980-08-15,22.11
acater,seed,1980a,3,y,215,14.3,Barb&Dan,2002-09-20,looks sick and old,,1980-08-15,22.11
acater,seed,1980a,4,y,225,13.7,Barb&Dan,2002-09-20,looks sick and old,,1980-08-15,22.11
acater,seed,1980a,5,y,240,15.3,Barb&Dan,2002-09-20,looks sick and old,,1980-08-15,22.11
acauli,seed,1980a,1,y,224,8.7,Barb&Dan,2002-09-20,,,1980-08-15,22.11
acauli,seed,1980a,2,y,205,8.7,Barb&Dan,2002-09-20,,,1980-08-15,22.11
acauli,seed,1980a,3,y,120,5.1,Barb&Dan,2002-09-20,,,1980-08-15,22.11
acauli,seed,1980a,4,y,160,14.3,Barb&Dan,2002-09-20,,,1980-08-15,22.11
acauli,seed,1980a,5,y,207,9.3,Barb&Dan,2002-09-20,,,1980-08-15,22.11
aoteri,resp,1980a,1,y,224,11.3,Barb&Dan,2002-09-20,,,1980-08-15,22.11
aoteri,resp,1980a,2,y,214,9,Barb&Dan,2002-09-20,,,1980-08-15,22.11
aoteri,resp,1980a,3,y,175,10.6,Barb&Dan,2002-09-20,,,1980-08-15,22.11
aoteri,resp,1980a,4,y,205,8.2,Barb&Dan,2002-09-20,,,1980-08-15,22.11
aoteri,resp,1980a,5,y,180,7.6,Barb&Dan,2002-09-20,,,1980-08-15,22.11
banser,?,1980a,1,y,1010.392443,170,Barb&Dan,2002-09-20,,,1980-08-15,22.11
banser,?,1980a,2,y,1089.193779,191,Barb&Dan,2002-09-20,,,1980-08-15,22.11
banser,?,1980a,3,y,1134.407022,225,Barb&Dan,2002-09-20,,,1980-08-15,22.11
banser,?,1980a,4,y,785.9542669,91,Barb&Dan,2002-09-20,,,1980-08-15,22.11
banser,?,1980a,5,y,929.8746519,155,Barb&Dan,2002-09-20,,,1980-08-15,22.11
dilret,seed,1980a,1,y,165,8.6,Barb&Dan,2002-09-20,,,1980-08-15,22.11
dilret,seed,1980a,2,y,195,17.7,Barb&Dan,2002-09-20,,,1980-08-15,22.11
dilret,seed,1980a,3,y,135,9,Barb&Dan,2002-09-20,,,1980-08-15,22.11
dilret,seed,1980a,4,y,155,10.1,Barb&Dan,2002-09-20,,,1980-08-15,22.11
leueri,resp,1980a,1,y,214,19.5,Barb&Dan,2002-09-20,,,1980-08-15,22.11
leueri,resp,1980a,2,y,245,25,Barb&Dan,2002-09-20,,,1980-08-15,22.11
leulan,resp,1980a,1,y,216,19.6,Barb&Dan,2002-09-20,,,1980-08-15,22.11
leulan,resp,1980a,2,y,217,18,Barb&Dan,2002-09-20,,,1980-08-15,22.11
leulan,resp,1980a,3,y,235,21.9,Barb&Dan,2002-09-20,,,1980-08-15,22.11
leulan,resp,1980a,4,y,203,14.8,Barb&Dan,2002-09-20,,,1980-08-15,22.11
leulan,resp,1980a,5,y,290,20.5,Barb&Dan,2002-09-20,,,1980-08-15,22.11
monell,seed,1980a,1,y,430,40.8,Barb&Dan,2002-09-20,,,1980-08-15,22.11
monell,seed,1980a,2,y,420,47.3,Barb&Dan,2002-09-20,,,1980-08-15,22.11
monell,seed,1980a,3,y,400,62.8,Barb&Dan,2002-09-20,,,1980-08-15,22.11
monell,seed,1980a,4,y,340,24.5,Barb&Dan,2002-09-20,,,1980-08-15,22.11
monell,seed,1980a,5,y,622.2054717,190,Barb&Dan,2002-09-20,outstanding indiv taller than most at site,,1980-08-15,22.11
monell,seed,1980a,6,y,773.0410019,131,Barb&Dan,2002-09-20,outstanding indiv taller than most at site,,1980-08-15,22.11
ricpin,resp,1980a,1,y,110,6.7,Barb&Dan,2002-09-20,,,1980-08-15,22.11
ricpin,resp,1980a,2,y,98,5.5,Barb&Dan,2002-09-20,,,1980-08-15,22.11
ricpin,resp,1980a,3,y,88,6.4,Barb&Dan,2002-09-20,,,1980-08-15,22.11
ricpin,resp,1980a,4,y,88,6.4,Barb&Dan,2002-09-20,,,1980-08-15,22.11
ricpin,resp,1980a,5,y,100,13.6,Barb&Dan,2002-09-20,,,1980-08-15,22.11
acasua,seed,1975a,1,y,225,8.6,Barb&Dan,2002-09-20,,,1975-09-15,27.03
acater,seed,1975a,1,y,110,5,Barb&Dan,2002-09-20,post fie recruit?,,1975-09-15,27.03
acater,seed,1975a,2,y,130,6.2,Barb&Dan,2002-09-20,post fie recruit?,,1975-09-15,27.03
acater,seed,1975a,3,y,190,8.2,Barb&Dan,2002-09-20,post fie recruit?,,1975-09-15,27.03
acauli,seed,1975a,1,y,155,7.4,Barb&Dan,2002-09-20,,,1975-09-15,27.03
acauli,seed,1975a,2,y,198,12.8,Barb&Dan,2002-09-20,,,1975-09-15,27.03
acauli,seed,1975a,3,y,218,18,Barb&Dan,2002-09-20,,,1975-09-15,27.03
acauli,seed,1975a,4,y,216,15,Barb&Dan,2002-09-20,,,1975-09-15,27.03
acauli,seed,1975a,5,y,195,12.3,Barb&Dan,2002-09-20,,,1975-09-15,27.03
aoteri,resp,1975a,1,y,135,7.4,Barb&Dan,2002-09-20,,,1975-09-15,27.03
aoteri,resp,1975a,2,y,190,7.6,Barb&Dan,2002-09-20,,,1975-09-15,27.03
aoteri,resp,1975a,3,y,140,7.8,Barb&Dan,2002-09-20,,,1975-09-15,27.03
aoteri,resp,1975a,4,y,155,6.6,Barb&Dan,2002-09-20,,,1975-09-15,27.03
aoteri,resp,1975a,5,y,208,11.8,Barb&Dan,2002-09-20,,,1975-09-15,27.03
banser,?,1975a,1,y,1294.350096,185,Barb&Dan,2002-09-20,,,1975-09-15,27.03
banser,?,1975a,2,y,1331.268294,191,Barb&Dan,2002-09-20,,,1975-09-15,27.03
banser,?,1975a,3,y,1206.844345,131.8,Barb&Dan,2002-09-20,,,1975-09-15,27.03
banser,?,1975a,4,y,899.2506357,85.5,Barb&Dan,2002-09-20,,,1975-09-15,27.03
banser,?,1975a,5,y,1309.628615,150,Barb&Dan,2002-09-20,,,1975-09-15,27.03
contax,seed,1975a,1,y,120,6.6,Barb&Dan,2002-09-20,,,1975-09-15,27.03
contax,seed,1975a,2,y,110,4.1,Barb&Dan,2002-09-20,,,1975-09-15,27.03
contax,seed,1975a,3,y,105,3.8,Barb&Dan,2002-09-20,,,1975-09-15,27.03
dilret,seed,1975a,1,y,185,13.2,Barb&Dan,2002-09-20,,,1975-09-15,27.03
dilret,seed,1975a,2,y,185,13.5,Barb&Dan,2002-09-20,,,1975-09-15,27.03
dilret,seed,1975a,3,y,165,12.2,Barb&Dan,2002-09-20,,,1975-09-15,27.03
dilret,seed,1975a,4,y,160,10.7,Barb&Dan,2002-09-20,,,1975-09-15,27.03
dilret,seed,1975a,5,y,135,7.5,Barb&Dan,2002-09-20,,,1975-09-15,27.03
epapul,?,1975a,1,y,130,6.2,Barb&Dan,2002-09-20,,,1975-09-15,27.03
epapul,?,1975a,2,y,130,8.3,Barb&Dan,2002-09-20,,,1975-09-15,27.03
gomlat,seed,1975a,1,y,205,10.4,Barb&Dan,2002-09-20,,,1975-09-15,27.03
gomlat,seed,1975a,2,y,160,7.8,Barb&Dan,2002-09-20,,,1975-09-15,27.03
leulan,resp,1975a,1,y,208,29.3,Barb&Dan,2002-09-20,,,1975-09-15,27.03
leulan,resp,1975a,2,y,255,28.4,Barb&Dan,2002-09-20,,,1975-09-15,27.03
leulan,resp,1975a,3,y,265,16.4,Barb&Dan,2002-09-20,,,1975-09-15,27.03
leulan,resp,1975a,4,y,278,21.8,Barb&Dan,2002-09-20,,,1975-09-15,27.03
leulan,resp,1975a,5,y,245,21.8,Barb&Dan,2002-09-20,,,1975-09-15,27.03
monell,seed,1975a,1,y,531.4443543,97.6,Barb&Dan,2002-09-20,,,1975-09-15,27.03
monell,seed,1975a,2,y,582.6717188,89.1,Barb&Dan,2002-09-20,,,1975-09-15,27.03
monell,seed,1975a,3,y,512.7249308,88.5,Barb&Dan,2002-09-20,,,1975-09-15,27.03
monell,seed,1975a,4,y,626.4309642,83.4,Barb&Dan,2002-09-20,,,1975-09-15,27.03
monell,seed,1975a,5,y,433.7450598,63.2,Barb&Dan,2002-09-20,,,1975-09-15,27.03
ricpin,resp,1975a,1,y,95,6.5,Barb&Dan,2002-09-20,,,1975-09-15,27.03
ricpin,resp,1975a,2,y,120,10.5,Barb&Dan,2002-09-20,,,1975-09-15,27.03
ricpin,resp,1975a,3,y,110,9.6,Barb&Dan,2002-09-20,,,1975-09-15,27.03
ricpin,resp,1975a,4,y,75,7.9,Barb&Dan,2002-09-20,,,1975-09-15,27.03
ricpin,resp,1975a,5,y,115,11.8,Barb&Dan,2002-09-20,,,1975-09-15,27.03
tetthy,resp,1975a,1,y,55,1.6,Barb&Dan,2002-09-20,,,1975-09-15,27.03
tetthy,resp,1975a,2,y,76,2,Barb&Dan,2002-09-20,,,1975-09-15,27.03
tetthy,resp,1975a,3,y,60,2.2,Barb&Dan,2002-09-20,,,1975-09-15,27.03
tetthy,resp,1975a,4,y,70,1.7,Barb&Dan,2002-09-20,,,1975-09-15,27.03
tetthy,resp,1975a,5,y,85,1.6,Barb&Dan,2002-09-20,,,1975-09-15,27.03
